ID,POSTED,posted_month,TITLE_RAW,TITLE_CLEAN,role_segment,COMPANY_NAME,is_oracle,CITY_NAME,STATE_NAME,remote_clean,is_remote,EMPLOYMENT_TYPE_NAME,is_full_time,MIN_YEARS_EXPERIENCE,MAX_YEARS_EXPERIENCE,edu_bachelors,edu_masters,edu_phd,edu_not_listed,SALARY_FROM,SALARY_TO,SALARY_MIDPOINT,skill_count,skill_sql,skill_python,skill_tableau,skill_power_bi,skill_statistics,skill_machine_learning,skill_excel,skill_azure,skill_aws,skill_gcp,skill_spark
bc68ea43605af26d6ea683d6777af49336e6989a,2024-05-18,2024-05,SAP Plant Maintenance Techno-Functional - ONSITE - LOCAL ONLY,sap plant maintenance techno functional onsite local only,Consultant / Implementation,Virtue Corporate Group,0,"Cary, NC",North Carolina,Not specified,0,Full-time (> 32 hours),1,,,0,0,0,1,,,,3,0,0,0,0,0,0,0,0,0,0,0
5e8aadc38cc1766afed2fb48e04285249b833b40,2024-07-09,2024-07,SCM Cloud Techno-Functional Analyst,scm cloud techno functional analyst,Consultant / Implementation,Oracle,1,"Oklahoma City, OK",Oklahoma,Remote,1,Part-time (â‰¤ 32 hours),0,,,0,0,0,1,69992.0,141294.0,105643.0,20,1,0,0,0,0,0,0,0,0,0,0
15dee46101d9787c13370b764afcdf882a88b0f5,2024-06-11,2024-06,Business Intelligence Analyst,business intelligence analyst,Data / BI Analyst,Afterpay,0,"San Francisco, CA",California,Not specified,0,Full-time (> 32 hours),1,2.0,,0,0,0,1,52000.0,52000.0,52000.0,19,1,0,1,1,0,0,0,0,0,0,0
2150fc9af5e8d33dd5f8018fe25dec8d2c935f88,2024-09-12,2024-09,Business Architect,business architect,Architect / Engineer,Adobe,0,"San Jose, CA",California,Not specified,0,Full-time (> 32 hours),1,10.0,,1,0,0,0,111000.0,239800.0,175400.0,25,0,0,0,0,0,0,0,0,0,0,0
15015a9676d2625a3595dd2a470d99e9a1d316fd,2024-06-11,2024-06,"Implementation Consultant, ERP",implementation consultant erp,Consultant / Implementation,Ems Linq,0,"Dallas, TX",Texas,Remote,1,Full-time (> 32 hours),1,2.0,,1,0,0,0,,,,16,0,0,0,0,0,0,0,0,0,0,0
dd5f6a859aa3149910d0ba07564bbb430552e444,2024-09-19,2024-09,"Sr Principal Financial Analyst, Oracle Health",sr principal financial analyst health,Other Business / Analyst,Oracle,1,"Boston, MA",Massachusetts,Not specified,0,Full-time (> 32 hours),1,,,0,0,0,1,97400.0,199500.0,148450.0,16,0,0,0,0,0,0,0,0,0,0,0
6504e8295c2c3c5f34643e6d15c145489bb927c6,2024-09-04,2024-09,Data Analyst,data analyst,Data / BI Analyst,Ascendum Solutions,0,"Cincinnati, OH",Ohio,Not specified,0,Full-time (> 32 hours),1,,,0,0,0,1,,,,19,0,1,0,1,0,0,0,0,0,0,0
cc600123369770037265f8d8fab68119c8ba1207,2024-07-18,2024-07,SAP EAM,sap eam,Other Business / Analyst,Scadea Solutions,0,"Dayton, OH",Ohio,Not specified,0,Full-time (> 32 hours),1,,,0,0,0,1,,,,14,0,0,0,0,0,0,0,0,0,0,0
8be4e460c816bda84d7f07fe37232f3b73ace403,2024-06-28,2024-06,"Sales Operations Analyst - Business Intelligence (Hybrid, Denver)",sales operations analyst business intelligence hybrid,Data / BI Analyst,Dynatrace,0,"Denver, CO",Colorado,Not specified,0,Full-time (> 32 hours),1,2.0,,1,1,0,0,,,,39,1,1,1,1,1,0,1,0,0,0,0
5614804974c1498377aac12838b6618fab8d0776,2024-09-13,2024-09,Oracle Health Principal Consultant - Health Information Management,health principal consultant health information management,Consultant / Implementation,Oracle,1,"Little Rock, AR",Arkansas,Not specified,0,Part-time (â‰¤ 32 hours),0,8.0,,1,0,0,0,71200.0,158200.0,114700.0,15,0,0,0,0,0,0,0,0,0,0,0
13110d26156d01b0ed17aa3e2b3ee4008635240d,2024-07-17,2024-07,Senior Technical Support - HCM Cloud,senior technical support hcm cloud,Other Business / Analyst,Oracle,1,"Springfield, IL",Illinois,Not specified,0,Full-time (> 32 hours),1,5.0,,0,0,0,1,66206.0,141294.0,103750.0,20,1,0,0,0,0,0,0,0,0,0,0
a5a14ca5c151d2567ec4e0e72125e7a9b0ea74ac,2024-07-17,2024-07,Senior Principal Consultant - Oracle Cloud DBA,senior principal consultant cloud dba,Consultant / Implementation,Oracle,1,"Reston, VA",Virginia,Not specified,0,Full-time (> 32 hours),1,,,0,0,0,1,86900.0,178200.0,132550.0,28,0,0,0,0,0,0,0,0,0,0,0
091107ff7093cc704401259d03c7e221b49c9c9e,2024-07-02,2024-07,Senior Consultant- Oracle Order Management and Pricing,senior consultant order management and pricing,Consultant / Implementation,Oracle,1,"Indianapolis, IN",Indiana,Not specified,0,Part-time (â‰¤ 32 hours),0,5.0,,1,0,0,0,86900.0,178200.0,132550.0,19,0,0,0,0,0,0,0,0,0,0,0
7f386c965b7c460e0ef6476dfe0660e7627502aa,2024-09-04,2024-09,Oracle Health Consulting - Engagement Mgmt - Manager (M2),health consulting engagement mgmt manager m,Consultant / Implementation,Oracle,1,"Salem, OR",Oregon,Not specified,0,Part-time (â‰¤ 32 hours),0,6.0,6.0,1,0,0,0,77600.0,178200.0,127900.0,13,0,0,0,0,0,0,0,0,0,0,0
c2373c831c3a727fe71326a9f6aa339b116fe597,2024-05-30,2024-05,ERP Integration Architect / Enterprise Architect,erp integration architect enterprise architect,Architect / Engineer,Informatica,0,"Foster City, CA",California,Not specified,0,Full-time (> 32 hours),1,,,0,0,0,1,,,,22,0,0,0,0,0,0,0,0,0,0,0
2a1c964abb71e9109a02f5b52a18896dc0a45e3e,2024-09-10,2024-09,"Oracle Health Principal Consultant - Radiology , PACS & RadNet",health principal consultant radiology pacs radnet,Consultant / Implementation,Oracle,1,"Boston, MA",Massachusetts,Not specified,0,Full-time (> 32 hours),1,8.0,,1,0,0,0,71200.0,158200.0,114700.0,15,0,0,0,0,0,0,0,0,0,0,0
09dd000028f4ac590f4083fc6d6062c4a055a95b,2024-09-22,2024-09,Healthcare Application Rationalization Business Analyst,healthcare application rationalization business analyst,Other Business / Analyst,Divurgent,0,"[Unknown City], NJ",New Jersey,Not specified,0,Full-time (> 32 hours),1,5.0,,1,1,0,0,,,,29,0,0,0,0,0,0,0,1,1,1,0
c8797e2a16ebdeec2d374964bd89cf44690a90ce,2024-05-12,2024-05,"Senior Manager, Analyst Relations, Oracle Fusion Cloud ERP (REMOTE)",senior manager analyst relations fusion cloud erp remote,Other Business / Analyst,Oracle,1,"Pierre, SD",South Dakota,Remote,1,Part-time (â‰¤ 32 hours),0,7.0,,0,0,0,1,97400.0,199500.0,148450.0,22,0,0,0,0,0,0,0,0,0,0,0
36cd1e55cc8f98690096358f1909639527946d48,2024-05-12,2024-05,Senior Oracle PPM Cloud Techno-Functional Analyst,senior ppm cloud techno functional analyst,Consultant / Implementation,Oracle,1,"Frankfort, KY",Kentucky,Remote,1,Part-time (â‰¤ 32 hours),0,,,1,0,0,0,78998.0,158205.0,118601.5,19,0,0,0,0,0,0,0,0,0,0,0
7db60fd557b99c4ecf06366254b21a698c41e27f,2024-05-12,2024-05,"Senior Manager, Analyst Relations, Oracle Fusion Cloud ERP (REMOTE)",senior manager analyst relations fusion cloud erp remote,Other Business / Analyst,Oracle,1,"Albany, NY",New York,Remote,1,Part-time (â‰¤ 32 hours),0,7.0,,0,0,0,1,97400.0,199500.0,148450.0,22,0,0,0,0,0,0,0,0,0,0,0
a2534f0039a02769b259c7c191034cea8f7e6ec1,2024-06-13,2024-06,Business Intelligence Analyst 2 - ClientWorks Product Delivery Operations,business intelligence analyst clientworks product delivery operations,Data / BI Analyst,Oracle,1,"Topeka, KS",Kansas,Not specified,0,Full-time (> 32 hours),1,2.0,,0,0,0,1,49296.0,100006.0,74651.0,22,1,0,1,1,0,0,0,0,0,0,0
113e1347c156e790fd5b0a1d49465586dde9cb04,2024-09-10,2024-09,"Solution Architect, Corporate External and Legal Affairs (CELA)",solution architect corporate external and legal affairs cela,Architect / Engineer,Microsoft,0,"Redmond, WA",Washington,Not specified,0,Full-time (> 32 hours),1,6.0,,1,0,0,0,137600.0,294000.0,215800.0,22,0,0,0,0,0,0,0,0,0,0,0
0d5426e19eef2a99d2cccc17f2da98637abe69f5,2024-09-10,2024-09,GRC Security Analyst,grc security analyst,Other Business / Analyst,Sprinklr,0,"[Unknown City], MA",Massachusetts,Remote,1,Full-time (> 32 hours),1,2.0,2.0,1,0,0,0,74000.0,99000.0,86500.0,29,0,0,0,0,0,0,0,0,0,0,0
cfa14632b413ffe2d6dd5e3840b863670897ba88,2024-09-16,2024-09,"Senior Manager, Oracle Health Analytics Consulting, Analytics Center of Excellence, Consulting Serv",senior manager health analytics consulting analytics center of excellence consulting serv,Data / BI Analyst,Oracle,1,"Raleigh, NC",North Carolina,Not specified,0,Part-time (â‰¤ 32 hours),0,2.0,,1,0,0,0,106100.0,251600.0,178850.0,20,0,0,0,0,0,0,0,0,0,0,0
b31bfd437ba0c19b879778619ea75fce090135b6,2024-09-17,2024-09,Oracle Health Consulting - Engagement Mgmt - Manager (M2),health consulting engagement mgmt manager m,Consultant / Implementation,Oracle,1,"Honolulu, HI",Hawaii,Not specified,0,Part-time (â‰¤ 32 hours),0,6.0,6.0,1,0,0,0,77600.0,178200.0,127900.0,13,0,0,0,0,0,0,0,0,0,0,0
bf851fe15875af38baa4396dfea51c246c950a99,2024-06-26,2024-06,"Senior Manager, Analyst Relations, Oracle Fusion Cloud Erp (Remote)",senior manager analyst relations fusion cloud erp remote,Other Business / Analyst,Oracle,1,"Honolulu, HI",Hawaii,Remote,1,Full-time (> 32 hours),1,7.0,,0,0,0,1,97400.0,199500.0,148450.0,23,0,0,0,0,0,0,0,0,0,0,0
4da9959f4b2465e40f7cf2a6740ee8966597f96b,2024-05-12,2024-05,"Senior Manager, Analyst Relations, Oracle Fusion Cloud ERP (REMOTE)",senior manager analyst relations fusion cloud erp remote,Other Business / Analyst,Oracle,1,"Oklahoma City, OK",Oklahoma,Remote,1,Part-time (â‰¤ 32 hours),0,7.0,,0,0,0,1,97400.0,199500.0,148450.0,22,0,0,0,0,0,0,0,0,0,0,0
d9ce794af965fb92e100438e1fa0495d1537ff93,2024-06-07,2024-06,"Director, Global Success Business Intelligence",director global success business intelligence,Data / BI Analyst,Salesforce,0,"Austin, TX",Texas,Not specified,0,Full-time (> 32 hours),1,10.0,,0,1,0,0,,,,44,1,1,1,0,0,0,0,0,0,0,0
91924a6cffdd11e82113cd3fe999103a10e8a817,2024-05-10,2024-05,Principal Architect,principal architect,Architect / Engineer,Salesforce,0,"Seattle, WA",Washington,Not specified,0,Full-time (> 32 hours),1,8.0,,1,0,0,0,165060.0,220850.0,192955.0,38,0,0,0,0,0,0,0,0,0,0,0
4bc9c9ba4dfe02cb7829fb6ef98ea2e1962e493b,2024-05-10,2024-05,Business Architect,business architect,Architect / Engineer,Powerschool Group,0,"Folsom, CA",California,Not specified,0,Full-time (> 32 hours),1,10.0,,1,0,0,0,125000.0,145000.0,135000.0,19,0,0,0,0,0,0,0,0,0,0,0
c65f5db14f71d41065d83362b264b3c6b5c77971,2024-05-07,2024-05,SAP EWM Consultant _50% travel to Indianapolis_Expenses Paid,sap ewm consultant travel to expenses paid,Consultant / Implementation,Scadea Solutions,0,"Indianapolis, IN",Indiana,Not specified,0,Full-time (> 32 hours),1,12.0,,0,0,0,1,,,,3,0,0,0,0,0,0,0,0,0,0,0
522b37fb711a94a03235c4e3db36f0dbb964eb58,2024-08-27,2024-08,Associate Data Analyst,associate data analyst,Data / BI Analyst,Contentsquare,0,"New York, NY",New York,Not specified,0,Full-time (> 32 hours),1,1.0,1.0,1,1,0,0,85000.0,110000.0,97500.0,29,1,1,0,0,1,0,0,0,0,0,0
18bfb6a29f54c84096fdef54dc9ca405950cd0b2,2024-07-22,2024-07,Oracle OCI consutlant,oracle oci consutlant,Other Business / Analyst,Icrush Technologies,0,"Westmont, IL",Illinois,Remote,1,Full-time (> 32 hours),1,,,0,0,0,1,,,,15,1,0,0,0,0,0,0,0,0,0,0
0808e8fe5f1452c7c026195ed3b3d941ed9db81b,2024-07-11,2024-07,Senior Principal Consultant - Manufacturing - NetSuite ACS,senior principal consultant manufacturing netsuite acs,Consultant / Implementation,Oracle,1,"Sacramento, CA",California,Not specified,0,Part-time (â‰¤ 32 hours),0,6.0,6.0,1,0,0,0,76700.0,167000.0,121850.0,31,0,0,0,0,0,0,0,0,0,0,0
769f36a1fcffee72dd1856ab6af63178b74d02f8,2024-08-29,2024-08,Software Engineer - Corporate Architecture,software engineer corporate architecture,Architect / Engineer,Oracle,1,"Springfield, IL",Illinois,Not specified,0,Full-time (> 32 hours),1,,,1,1,1,0,62100.0,158200.0,110150.0,43,0,1,0,0,0,1,0,0,0,0,0
5c06161af53aa258185cf1006ebe9ee533f6f2f9,2024-08-08,2024-08,Sr. Business Intelligence Analyst,sr business intelligence analyst,Data / BI Analyst,Workday,0,"Salt Lake City, UT",Utah,Not specified,0,Full-time (> 32 hours),1,7.0,,1,0,0,0,132200.0,198200.0,165200.0,26,1,1,1,1,0,1,0,0,0,0,0
e25f85c632e63bd0977402a0373236d38a9ac24a,2024-08-03,2024-08,"Consulting Technical Manager, ERP Cloud Technical/Integration Lead",consulting technical manager erp cloud technical integration lead,Consultant / Implementation,Oracle,1,"Nashville, TN",Tennessee,Not specified,0,Part-time (â‰¤ 32 hours),0,,,0,0,0,1,88500.0,199500.0,144000.0,36,0,0,0,0,0,0,0,0,0,0,0
2b7cd3dd30afa17448c3a0b77cba35aa0e3350c4,2024-07-01,2024-07,AARK00318 - Analyst,aark analyst,Other Business / Analyst,Aarki,0,"San Francisco, CA",California,Not specified,0,Full-time (> 32 hours),1,2.0,,0,0,0,1,120000.0,165000.0,142500.0,19,1,1,1,0,1,0,0,0,0,0,0
8e48c982bbf773ba28203d414abdd590ff65775a,2024-07-01,2024-07,Enterprise Architect - SaaS/Financial Services,enterprise architect saas financial services,Architect / Engineer,Oracle,1,"Vienna, VA",Virginia,Hybrid Remote,0,Full-time (> 32 hours),1,,,0,0,0,1,,,,17,0,0,0,0,0,0,0,0,0,0,0
4ec21628ea093291d5fd823ac81946cd2a4c099c,2024-07-24,2024-07,Master Principal Enterprise Cloud Architect,master principal enterprise cloud architect,Architect / Engineer,Oracle,1,"Springfield, IL",Illinois,Not specified,0,Full-time (> 32 hours),1,10.0,,1,1,0,0,113000.0,185200.0,149100.0,44,0,0,0,0,0,0,0,1,1,1,0
7e1cb4fc5686ef199d4475be80d267a606403819,2024-07-24,2024-07,Fullstack Engineer-Fintech Focused,fullstack engineer fintech focused,Architect / Engineer,Alpha Theory,0,"Charlotte, NC",North Carolina,Not specified,0,Full-time (> 32 hours),1,,,0,0,0,1,,,,34,1,1,0,0,0,0,0,0,1,0,0
32fa39f6df388c3dabc8728af9c2a21ada83374b,2024-08-15,2024-08,Anaplan Model Builder/Architect - Corporate and Operations,anaplan model builder architect corporate and operations,Architect / Engineer,Atlassian,0,"San Francisco, CA",California,Not specified,0,Full-time (> 32 hours),1,5.0,,0,0,0,1,135300.0,180400.0,157850.0,17,0,0,0,0,0,0,0,0,0,0,0
c624496e36d1898b1fc564f83761298515b5cedd,2024-08-21,2024-08,Enterprise CSM,enterprise csm,Other Business / Analyst,Tricentis,0,"Austin, TX",Texas,Hybrid Remote,0,Full-time (> 32 hours),1,,,0,0,0,1,,,,20,0,0,0,0,0,0,0,0,0,0,0
6d0b80c6d49c157d1882209eb5301ef0e9129ad8,2024-07-25,2024-07,Technical Specialist- AWP Data Analytics and Active Reports,technical specialist awp data analytics and active reports,Data / BI Analyst,Intelli Erp Software,0,"Raleigh, NC",North Carolina,Not specified,0,Full-time (> 32 hours),1,,,0,0,0,1,,,,30,1,0,0,1,0,0,0,0,0,0,0
52da0ef2a4fb2965ca956c61cacafbca980ca6cf,2024-07-03,2024-07,Expert Architecture Advisor - SOUTH,expert architecture advisor south,Architect / Engineer,SAP,0,"Atlanta, GA",Georgia,Not specified,0,Full-time (> 32 hours),1,,,0,0,0,1,,,,49,0,0,0,0,0,0,0,0,0,0,0
e2b2119dab33213eb3a58d49fb19e9bf579ef6a8,2024-05-07,2024-05,Senior Data Analyst,senior data analyst,Data / BI Analyst,Leaflink,0,"New York, NY",New York,Not specified,0,Full-time (> 32 hours),1,3.0,,0,0,0,1,,,,22,1,1,1,0,0,0,0,0,1,0,0
fea4275744048f0c3092d83e73c86acc175c5784,2024-06-16,2024-06,"Principal, Strategy & Business Operations Manager",principal strategy business operations manager,Other Business / Analyst,Atlassian,0,"San Francisco, CA",California,Not specified,0,Full-time (> 32 hours),1,6.0,,0,0,0,1,152800.0,203700.0,178250.0,21,1,0,0,0,0,0,0,0,0,0,0
e91b255ea714f78c170cb195a9418c27680d15dd,2024-09-23,2024-09,Functional Analyst,functional analyst,Consultant / Implementation,Insight Technology Solutions,0,"Arlington, VA",Virginia,Not specified,0,Full-time (> 32 hours),1,,,0,0,0,0,,,,29,0,0,0,0,0,0,1,0,0,0,0
d1f8e62d6c5aee3ef34469b110e5324b71c87243,2024-08-22,2024-08,Sr. Business Systems Analyst (BSA) - SAP S/4HANA Finance,sr business systems analyst bsa sap s hana finance,Other Business / Analyst,Scadea Solutions,0,"San Francisco, CA",California,Not specified,0,Full-time (> 32 hours),1,,,1,0,0,0,,,,23,0,0,0,0,0,0,0,0,0,0,0
5ae3121bd49f953e21c1dc7964204b6645f7f2e1,2024-09-03,2024-09,Data Analyst,data analyst,Data / BI Analyst,Microsoft,0,"Irving, TX",Texas,Not specified,0,Full-time (> 32 hours),1,,,0,0,0,1,,,,25,0,1,0,0,0,0,0,0,0,0,0
386713ccd4ba82ed406d73d2b550bc75975c7f44,2024-06-14,2024-06,People Data Analyst,people data analyst,Data / BI Analyst,Microsoft,0,"Redmond, WA",Washington,Remote,1,Full-time (> 32 hours),1,3.0,,1,0,0,0,108900.0,183000.0,145950.0,10,0,0,0,0,0,0,0,0,0,0,0
f87163db7b85e06538e1f4f05b2edb97b4f782ec,2024-09-24,2024-09,Oracle Health - Principal Consultant - Emergency Department,health principal consultant emergency department,Consultant / Implementation,Oracle,1,"Boston, MA",Massachusetts,Not specified,0,Full-time (> 32 hours),1,8.0,,0,0,0,1,71200.0,158200.0,114700.0,12,0,0,0,0,0,0,0,0,0,0,0
e3fdbe9e0037b66bca17df3f28c4f4e9b99246f5,2024-09-14,2024-09,"SevenRooms
               Hiring For Senior Data Analyst at 
              New York, NY",hiring for senior data analyst at,Data / BI Analyst,Sevenrooms,0,"New York, NY",New York,Not specified,0,Full-time (> 32 hours),1,5.0,,0,0,0,1,159500.0,176000.0,167750.0,30,1,0,1,0,0,0,0,0,0,0,0
a0a458b7f2dfb2e7d1e7104c51ce44acd8f05b54,2024-06-12,2024-06,"Data Analyst, Business Intelligence",data analyst business intelligence,Data / BI Analyst,Doximity,0,"San Francisco, CA",California,Not specified,0,Full-time (> 32 hours),1,,,0,0,0,1,,,,4,0,0,0,0,0,0,0,0,0,0,0
c414b10306595dc1119ea30a0205bb84776af23f,2024-08-29,2024-08,Oracle Cloud SCM Functional Consultant,oracle cloud scm functional consultant,Consultant / Implementation,Agility Software Solutions,0,"Atlanta, GA",Georgia,Not specified,0,Full-time (> 32 hours),1,,,0,0,0,1,,,,22,0,0,0,0,0,0,0,0,0,0,0
6178bf0778575b1fef40180054d9614cf60236d0,2024-05-04,2024-05,Sr. SAP P2P Functional Consultant 100% Remote,sr sap p p functional consultant remote,Consultant / Implementation,Scadea Solutions,0,"Dublin, OH",Ohio,Remote,1,Full-time (> 32 hours),1,8.0,8.0,0,0,0,1,,,,4,0,0,0,0,0,0,0,0,0,0,0
6aa916a55dd2b6d067cacc2179a18461abe2d844,2024-05-10,2024-05,"Camunda BPMN Developer - Cincinnati, OH (Onsite)",camunda bpmn developer onsite,Architect / Engineer,Nexwave,0,"Cincinnati, OH",Ohio,Not specified,0,Full-time (> 32 hours),1,8.0,8.0,1,0,0,0,,,,32,0,0,0,0,0,0,0,0,0,0,0
b849eb746b41fe1329d81670a0e4d281fb4d8f2c,2024-05-24,2024-05,Principal Learning Content Strategist Human Capital Management (HCM),principal learning content strategist human capital management hcm,Other Business / Analyst,Oracle,1,"Springfield, IL",Illinois,Not specified,0,Full-time (> 32 hours),1,5.0,,0,0,0,1,85900.0,178200.0,132050.0,38,0,0,0,0,0,0,0,0,0,0,0
24f48bbd09f66d505d651e9c75e5a75a68c69853,2024-06-27,2024-06,Data Analyst (Global),data analyst global,Data / BI Analyst,Kudelski Group,0,"Phoenix, AZ",Arizona,Not specified,0,Full-time (> 32 hours),1,3.0,,1,0,0,0,,,,23,0,0,0,1,0,0,0,0,0,0,0
296f227a90bdaa1f38504b71a8f01d19117fab6b,2024-07-17,2024-07,Enterprise Architect,enterprise architect,Architect / Engineer,Simpalm,0,"Dallas, TX",Texas,Not specified,0,Full-time (> 32 hours),1,12.0,,0,0,0,1,,,,10,0,0,0,0,0,0,0,0,0,0,0
94e8e0de67ae305dbf32477599c0d570f983b556,2024-06-16,2024-06,Principal Strategy Manager,principal strategy manager,Other Business / Analyst,Atlassian,0,"San Francisco, CA",California,Not specified,0,Full-time (> 32 hours),1,6.0,,0,0,0,1,152800.0,203700.0,178250.0,21,1,0,0,0,0,0,0,0,0,0,0
9b82e8e5c3deb0c7b420d301ae6ef69d309d59aa,2024-06-16,2024-06,"Strategy & Business Operations Senior Manager, Portfolio Unification",strategy business operations senior manager portfolio unification,Other Business / Analyst,Atlassian,0,"San Francisco, CA",California,Not specified,0,Full-time (> 32 hours),1,6.0,,0,0,0,1,152800.0,203700.0,178250.0,22,1,0,0,0,0,0,0,0,0,0,0
1a5ef8d8b544c7b1487d684c5f12dbb3a924754d,2024-09-10,2024-09,"Consulting Technical Manager, Regulated Industries Consulting - Oracle Permitting and Licensing (OPAL)",consulting technical manager regulated industries consulting permitting and licensing opal,Consultant / Implementation,Oracle,1,"Boston, MA",Massachusetts,Not specified,0,Full-time (> 32 hours),1,8.0,8.0,1,0,0,0,88500.0,199500.0,144000.0,16,0,0,0,0,0,0,0,0,0,0,0
11b55ec16522a4b31023a965f0a99e43ef986784,2024-09-10,2024-09,2025 University Graduate - Solutions/Enterprise Architect,university graduate solutions enterprise architect,Architect / Engineer,Adobe,0,"San Jose, CA",California,Not specified,0,Full-time (> 32 hours),1,,,1,1,0,0,59800.0,136100.0,97950.0,17,0,0,0,0,0,0,0,0,0,0,0
64e6c77fe2c9171d563bf136e84f674d6b38870b,2024-09-10,2024-09,Oracle Health Principal Consultant - Radiology,health principal consultant radiology,Consultant / Implementation,Oracle,1,"Boston, MA",Massachusetts,Not specified,0,Full-time (> 32 hours),1,8.0,,1,0,0,0,71200.0,158200.0,114700.0,15,0,0,0,0,0,0,0,0,0,0,0
ad19d467337d095ad7f85b5625035110234313f4,2024-09-10,2024-09,ERP Programmer Analyst - ONSITE,erp programmer analyst onsite,Other Business / Analyst,Securekloud Technologies,0,"Tallahassee, FL",Florida,Not specified,0,Full-time (> 32 hours),1,3.0,,1,0,0,0,,,,33,0,0,0,0,0,0,0,0,0,0,0
78529519200c77a99985d02bfecca3732c9ffe77,2024-09-24,2024-09,Oracle Health - Principal Consultant - Emergency Department,health principal consultant emergency department,Consultant / Implementation,Oracle,1,"Springfield, IL",Illinois,Not specified,0,Full-time (> 32 hours),1,8.0,,0,0,0,1,71200.0,158200.0,114700.0,12,0,0,0,0,0,0,0,0,0,0,0
1d5b91a1e71e38a717fdf485b3f69dbab8fbba2b,2024-09-24,2024-09,AI Data Trainer - Mathematics Specialist,ai data trainer mathematics specialist,AI Data Trainer,Outlier Ai,0,"Arlington, TX",Texas,Not specified,0,Full-time (> 32 hours),1,,,1,0,0,0,62400.0,104000.0,83200.0,5,0,0,0,0,0,0,0,0,0,0,0
bf4e8e1b3384eae6dc1be377a0f42129e9366407,2024-09-24,2024-09,Customer Engagement Senior Analyst,customer engagement senior analyst,Other Business / Analyst,Transunion Risk And Alternative Data Solutions,0,"Chicago, IL",Illinois,Hybrid Remote,0,Full-time (> 32 hours),1,,,1,0,0,0,,,,18,0,0,0,0,0,0,0,0,0,0,0
4c977ef55796cd3996cdbf53e070d9bdf5b18ab4,2024-09-24,2024-09,Business Intelligence Specialist,business intelligence specialist,Data / BI Analyst,Peopleit,0,"Zeeland, MI",Michigan,Hybrid Remote,0,Full-time (> 32 hours),1,2.0,,0,0,0,1,90000.0,129000.0,109500.0,8,1,0,0,0,0,1,0,0,0,0,0
ad7d320ae17d33aa301d6f8bb88112eead3ef883,2024-07-30,2024-07,Oracle Fusion SaaS Technical Analyst,fusion saas technical analyst,Other Business / Analyst,Oracle,1,"Lansing, MI",Michigan,Remote,1,Full-time (> 32 hours),1,,,0,0,0,1,69992.0,141294.0,105643.0,43,0,1,0,0,0,0,0,0,0,0,0
0b7518f104f013b44774e5292af499386983b446,2024-08-31,2024-08,OPERA Reporting & Analytics Consultant - Oracle Hospitality & Leisure,opera reporting analytics consultant hospitality leisure,Data / BI Analyst,Oracle,1,"Springfield, IL",Illinois,Hybrid Remote,0,Full-time (> 32 hours),1,,,0,0,0,1,44595.0,89294.0,66944.5,10,0,0,0,0,0,0,0,0,0,0,0
e2355903da5966b2aa19defe4b05fa9100a8f1c8,2024-09-12,2024-09,ORACLE PROCESS MANUFACTURING (OPM) TECHNO-FUNCTIONAL ANALYST,process manufacturing opm techno functional analyst,Consultant / Implementation,Oracle,1,"Charleston, SC",South Carolina,Not specified,0,Full-time (> 32 hours),1,7.0,,0,0,0,1,78998.0,158205.0,118601.5,12,1,0,0,0,0,0,0,0,0,0,0
24e558b1e7a19e25cc59cefd426556c9097ca1ba,2024-07-23,2024-07,"Senior Data Analyst, Live Ops Analytics",senior data analyst live ops analytics,Data / BI Analyst,Activision Blizzard,0,"Woodland Hills, CA",California,Not specified,0,Part-time (â‰¤ 32 hours),0,5.0,,1,0,0,0,92920.0,171814.0,132367.0,19,1,0,0,0,1,0,0,0,0,0,0
1cb24d1874f6ffb6f7936a1a54cd775eecd66f32,2024-07-23,2024-07,Enterprise Sales Operations Analyst,enterprise sales operations analyst,Sales / Pre-Sales,Altium,0,"Remote, OR",Oregon,Not specified,0,Full-time (> 32 hours),1,3.0,,1,0,0,0,86000.0,86000.0,86000.0,13,0,0,0,0,0,0,1,0,0,0,0
11a8aa7d2be041fede51ef818ec669a1c8a41ff9,2024-07-23,2024-07,"Enterprise Architect, Business Technology, Data",enterprise architect business technology data,Architect / Engineer,Salesforce,0,"Atlanta, GA",Georgia,Not specified,0,Full-time (> 32 hours),1,8.0,,0,0,0,1,,,,30,0,0,0,0,0,1,1,0,0,0,0
ab887f407044f5513b1e02512205994846e5f4ab,2024-09-08,2024-09,Senior Consultant- Oracle Global Trade Mgmt (GTM) and Transportation Mgmt (OTM),senior consultant global trade mgmt gtm and transportation mgmt otm,Consultant / Implementation,Oracle,1,"Columbus, OH",Ohio,Not specified,0,Part-time (â‰¤ 32 hours),0,5.0,,1,0,0,0,86900.0,178200.0,132550.0,19,0,0,0,0,0,0,0,0,0,0,0
23b17abfcda5d3992af634cd493b0fd25b28330d,2024-07-12,2024-07,"Data Analytics Lead, Email Platform",data analytics lead email platform,Data / BI Analyst,Salesforce,0,"Seattle, WA",Washington,Not specified,0,Full-time (> 32 hours),1,5.0,,0,0,0,1,128300.0,176500.0,152400.0,46,1,0,1,0,0,0,1,0,0,0,0
0e37b6ed50e3bc5623f162a30b479dff2c941677,2024-09-24,2024-09,Oracle GoldenGate Engineer,oracle goldengate engineer,Architect / Engineer,Dt Professional Services,0,"Norco, CA",California,Not specified,0,Full-time (> 32 hours),1,5.0,,1,0,0,0,95000.0,135000.0,115000.0,41,0,0,0,0,0,0,0,1,1,1,0
4af8665061e8ea423fdeccfd2062dd6fea5b4ccb,2024-09-24,2024-09,AI Data Trainer - Mathematics Specialist,ai data trainer mathematics specialist,AI Data Trainer,Outlier Ai,0,"Boulder, CO",Colorado,Not specified,0,Full-time (> 32 hours),1,,,1,0,0,0,62400.0,104000.0,83200.0,5,0,0,0,0,0,0,0,0,0,0,0
942bfbe9fbff4f4fc6a54b3c2efa8101ea477961,2024-09-12,2024-09,Oracle Health Principal Consultant - Pharmacy,health principal consultant pharmacy,Consultant / Implementation,Oracle,1,"Sacramento, CA",California,Not specified,0,Full-time (> 32 hours),1,5.0,,1,0,0,0,71200.0,158200.0,114700.0,20,0,0,0,0,0,0,0,0,0,0,0
c6ea599cb90f7502addde03b79f0f37cd826bc60,2024-09-17,2024-09,Implementation Analyst,implementation analyst,Consultant / Implementation,Rldatix,0,"Mount Pleasant, SC",South Carolina,Not specified,0,Full-time (> 32 hours),1,,,0,0,0,1,70000.0,80000.0,75000.0,10,0,0,0,0,0,0,0,0,0,0,0
21a99c119dda6f028d4a479b84785a3570758af1,2024-09-30,2024-09,Data Analyst,data analyst,Data / BI Analyst,Software Group,0,"Albany, CA",California,Not specified,0,Full-time (> 32 hours),1,,,0,0,0,1,,,,19,1,0,0,0,0,0,0,0,0,0,0
06433fad21bd5fd6ec6b797f2578e8120ecefc21,2024-08-05,2024-08,Associate Manager of Programmatic Operations,associate manager of programmatic operations,Other Business / Analyst,First Databank (Fdb),0,"New York, NY",New York,Not specified,0,Full-time (> 32 hours),1,,,1,0,0,0,,,,1,0,0,0,0,0,0,0,0,0,0,0
c1a8d6c9ed24ec68f860c6986d27298c986dddc5,2024-09-22,2024-09,"Director, Cloud HCM Customer Program Manager",director cloud hcm customer program manager,Other Business / Analyst,Oracle,1,"Helena, MT",Montana,Not specified,0,Full-time (> 32 hours),1,,,1,0,0,0,130000.0,291900.0,210950.0,24,0,0,0,0,0,0,0,0,0,0,0
01816689dcb7950aefb4a2860dbd09995a85c7a9,2024-07-09,2024-07,"Cyber Data Analytics, TS/SCI (St Louis)",cyber data analytics ts sci st louis,Data / BI Analyst,GuidePoint Security,0,"Saint Louis, MO",Missouri,Remote,1,Full-time (> 32 hours),1,,,0,0,0,1,,,,33,0,0,0,0,0,0,0,0,0,0,0
f7e2157503644c44725ead4adc6284fd94fbe059,2024-07-02,2024-07,"Senior Implementation Consultant, ERP",senior implementation consultant erp,Consultant / Implementation,Ems Linq,0,"Charlotte, NC",North Carolina,Remote,1,Full-time (> 32 hours),1,4.0,,1,0,0,0,,,,16,0,0,0,0,0,0,0,0,0,0,0
6716be40be3a5cdfffc5b01d6bffb1fb213977db,2024-05-14,2024-05,Oracle HCM Cloud Applications Solution Advisor,hcm cloud applications solution advisor,Other Business / Analyst,Oracle,1,"Carson City, NV",Nevada,Not specified,0,Part-time (â‰¤ 32 hours),0,,,0,0,0,1,120100.0,500000.0,310050.0,35,0,0,0,0,0,0,0,0,0,0,0
01785ee7213721dc91400bd800f5f70425298f22,2024-05-07,2024-05,Data Analyst And Data Engineer,data analyst and data engineer,Data / BI Analyst,Securekloud Technologies,0,"Warren, MI",Michigan,Not specified,0,Full-time (> 32 hours),1,,,0,0,0,1,,,,38,1,0,1,0,0,1,0,0,0,0,0
1c663ff6b6ab15b41abf8bc30b3dca3e6ef86732,2024-05-01,2024-05,Revenue Operations Analyst - Data and Insights - Hybrid / Machesney Park IL,revenue operations analyst data and insights hybrid,Data / BI Analyst,Experity,0,"Machesney Park, IL",Illinois,Remote,1,Full-time (> 32 hours),1,,,1,1,0,0,66900.0,91000.0,78950.0,46,1,0,1,1,0,0,0,0,0,0,0
fa8b960d50abc4096079e1683f9b6964d4bcc8b9,2024-06-11,2024-06,"Implementation Consultant, ERP",implementation consultant erp,Consultant / Implementation,Ems Linq,0,"Austin, TX",Texas,Remote,1,Full-time (> 32 hours),1,2.0,,1,0,0,0,,,,16,0,0,0,0,0,0,0,0,0,0,0
b95f037d452af7fc593ecd4c984a2f76c2e095dd,2024-08-13,2024-08,SAP NS2 Basis Delivery Lead,sap ns basis delivery lead,Other Business / Analyst,SAP,0,"Herndon, VA",Virginia,Not specified,0,Full-time (> 32 hours),1,12.0,,1,1,0,0,,,,43,0,0,0,0,0,0,0,1,1,1,0
6d8183a60e5eca6d47ab7816a54dc1e633a5a668,2024-09-17,2024-09,Senior Applied Scientist,senior applied scientist,Data Scientist / ML,Microsoft,0,"New York, NY",New York,Remote,1,Full-time (> 32 hours),1,6.0,,1,0,1,0,117200.0,229200.0,173200.0,17,0,1,0,0,0,1,0,0,0,0,0
05e0aee0e1f5f69342503ca536e0f67b6beebafe,2024-08-10,2024-08,Senior Distinguished Architect,senior distinguished architect,Architect / Engineer,Autodesk,0,"Olympia, WA",Washington,Not specified,0,Full-time (> 32 hours),1,10.0,,1,1,0,0,207400.0,335500.0,271450.0,17,0,0,0,0,0,0,0,0,0,0,0
2d4398c6fbbb045f626254aef320ed9d756773d9,2024-08-10,2024-08,Principal Enterprise Architect (EA),principal enterprise architect ea,Architect / Engineer,Solarwinds,0,"Austin, TX",Texas,Not specified,0,Full-time (> 32 hours),1,5.0,,1,0,0,0,,,,53,1,0,0,0,0,0,0,0,0,0,0
b845b43289f7620d1267b64f437426a68a0c5618,2024-08-24,2024-08,"Senior Manager, Analyst Relations, Oracle NetSuite (REMOTE)",senior manager analyst relations netsuite remote,Other Business / Analyst,Oracle,1,"Jackson, MS",Mississippi,Remote,1,Part-time (â‰¤ 32 hours),0,7.0,,0,0,0,1,97400.0,199500.0,148450.0,19,0,0,0,0,0,0,0,0,0,0,0
3d41994b903e6b8297e24803ad0aaa0de976c5c8,2024-08-24,2024-08,"ERP Industry Sales Executive - Hi Tech, West Coast",erp industry sales executive hi tech west coast,Sales / Pre-Sales,Oracle,1,"Topeka, KS",Kansas,Remote,1,Full-time (> 32 hours),1,8.0,,1,0,0,0,,,,29,0,0,0,0,0,0,0,0,0,0,0
45c70e63959fb85364982a676cab5af5e7aef2d5,2024-08-24,2024-08,"Consulting Technical Manager, ERP Cloud Technical/Integration Lead",consulting technical manager erp cloud technical integration lead,Consultant / Implementation,Oracle,1,"Montpelier, VT",Vermont,Not specified,0,Part-time (â‰¤ 32 hours),0,,,0,0,0,1,88500.0,199500.0,144000.0,36,0,0,0,0,0,0,0,0,0,0,0
41af21057a66fd3d4e1f2ac3ec05d11b303b4797,2024-08-24,2024-08,"ERP Industry Sales Executive - Hi Tech, West Coast",erp industry sales executive hi tech west coast,Sales / Pre-Sales,Oracle,1,"Bismarck, ND",North Dakota,Remote,1,Full-time (> 32 hours),1,8.0,,1,0,0,0,,,,29,0,0,0,0,0,0,0,0,0,0,0
cad1ae6bb2be6d1ea786e7fdf726d8d26ceee00d,2024-08-24,2024-08,"ERP Industry Sales Executive - Hi Tech, West Coast",erp industry sales executive hi tech west coast,Sales / Pre-Sales,Oracle,1,"Frankfort, KY",Kentucky,Remote,1,Full-time (> 32 hours),1,8.0,,1,0,0,0,,,,29,0,0,0,0,0,0,0,0,0,0,0
566e6f5601535729e38d4ad2bfbed98621a65aa6,2024-08-24,2024-08,"ERP Industry Sales Executive - Hi Tech, West Coast",erp industry sales executive hi tech west coast,Sales / Pre-Sales,Oracle,1,"Santa Fe, NM",New Mexico,Remote,1,Full-time (> 32 hours),1,8.0,,1,0,0,0,,,,29,0,0,0,0,0,0,0,0,0,0,0
b9d09e67337f1d763b29db4ee30318466131fb97,2024-08-24,2024-08,"Senior Manager, Analyst Relations, Oracle NetSuite (REMOTE)",senior manager analyst relations netsuite remote,Other Business / Analyst,Oracle,1,"Providence, RI",Rhode Island,Remote,1,Part-time (â‰¤ 32 hours),0,7.0,,0,0,0,1,97400.0,199500.0,148450.0,19,0,0,0,0,0,0,0,0,0,0,0
abda845e9fe6f9cc8977b3d4f98525106c75bbc7,2024-08-29,2024-08,Software Engineer Intern - Corporate Architecture,software engineer intern corporate architecture,Architect / Engineer,Oracle,1,"Springfield, IL",Illinois,Not specified,0,Part-time (â‰¤ 32 hours),0,,,1,1,1,0,39499.0,110240.0,74869.5,50,0,1,0,0,0,1,0,0,0,0,0
26fa789020576c21cc17e9e2f702f8ff9018d013,2024-07-11,2024-07,CX Cloud Consulting Technical Manager - Oracle Subscription Management Cloud,cx cloud consulting technical manager subscription management cloud,Consultant / Implementation,Oracle,1,"Baton Rouge, LA",Louisiana,Not specified,0,Part-time (â‰¤ 32 hours),0,5.0,,1,0,0,0,88500.0,199500.0,144000.0,22,0,0,0,0,0,0,0,0,0,0,0
db564387c76d4e7e45937d23dcb1831c0a557f47,2024-09-23,2024-09,"Intern, Data Analytics (Customer Experience)",intern data analytics customer experience,Data / BI Analyst,Autodesk,0,"San Francisco, CA",California,Not specified,0,Full-time (> 32 hours),1,,,0,1,1,0,47840.0,95680.0,71760.0,24,1,1,0,1,1,0,0,0,0,0,0
42786eb94bc471499d2a8afd6be4753e86f01397,2024-08-22,2024-08,"CPQ Lead Consultant_Travel to Tulsa OK, Longview TX, Redmond OR M-TH _Expense Paid",cpq lead consultant travel to longview tx redmond or m th expense paid,Consultant / Implementation,Scadea Solutions,0,"Tulsa, OK",Oklahoma,Not specified,0,Full-time (> 32 hours),1,,,0,0,0,1,,,,8,0,0,0,0,0,0,0,0,0,0,0
0e5898c33127f0de31ddd7177163c1cfc9a98d17,2024-08-22,2024-08,"Consulting Technical Manager, ERP Cloud Technical/Integration Lead",consulting technical manager erp cloud technical integration lead,Consultant / Implementation,Oracle,1,"Springfield, IL",Illinois,Not specified,0,Full-time (> 32 hours),1,,,0,0,0,1,88500.0,199500.0,144000.0,36,0,0,0,0,0,0,0,0,0,0,0
8c3d8b84c8a9a5604a3d74abc5e0231dcfe746ab,2024-08-11,2024-08,Senior Consultant- Oracle Global Trade Mgmt (GTM) and Transportation Mgmt (OTM),senior consultant global trade mgmt gtm and transportation mgmt otm,Consultant / Implementation,Oracle,1,"Jefferson City, MO",Missouri,Not specified,0,Part-time (â‰¤ 32 hours),0,5.0,,1,0,0,0,86900.0,178200.0,132550.0,19,0,0,0,0,0,0,0,0,0,0,0
293a23f301c1a1f591f7806f8fd7b1ac2879a48b,2024-08-16,2024-08,Looking for Sr SAP SD/LE consultant,looking for sr sap sd le consultant,Consultant / Implementation,Mygo Consulting,0,"Bridgewater Township, NJ",New Jersey,Not specified,0,Full-time (> 32 hours),1,,,0,0,0,1,,,,1,0,0,0,0,0,0,0,0,0,0,0
ff8ceb80d4bbab1da69a50ed11614274416aeb5e,2024-09-11,2024-09,GRC Security Analyst,grc security analyst,Other Business / Analyst,Sprinklr,0,"[Unknown City], NY",New York,Remote,1,Full-time (> 32 hours),1,,,0,0,0,1,,,,2,0,0,0,0,0,0,0,0,0,0,0
0914a533a52ad336d2fc070cf875dab76d3959fe,2024-09-11,2024-09,Oracle Health Principal Consultant - Point of Care,health principal consultant point of care,Consultant / Implementation,Oracle,1,"Boston, MA",Massachusetts,Not specified,0,Full-time (> 32 hours),1,8.0,,1,0,0,0,71200.0,158200.0,114700.0,14,0,0,0,0,0,0,0,0,0,0,0
922b7eae8fa024de8797ecc840b2a7b37342016c,2024-07-25,2024-07,Business Intelligence Analyst,business intelligence analyst,Data / BI Analyst,Autodesk,0,"San Francisco, CA",California,Not specified,0,Full-time (> 32 hours),1,,,1,0,0,0,70800.0,122100.0,96450.0,36,1,1,0,1,1,0,1,0,0,0,0
920d743b2b0ad05a34e1fe52770b2b5c23db4255,2024-06-12,2024-06,Business Intelligence Analyst,business intelligence analyst,Data / BI Analyst,Filevine,0,"Salt Lake City, UT",Utah,Not specified,0,Full-time (> 32 hours),1,,,0,0,0,1,,,,20,0,0,0,0,0,0,0,0,0,0,0
8561155100c4cf801fd7518a3f1e8ac6649355b0,2024-05-08,2024-05,"Urgent Opportunity || SAP GTS Consultant based at Boynton Beach, FL",urgent opportunity sap gts consultant based at,Consultant / Implementation,IT First Source,0,"Boynton Beach, FL",Florida,Not specified,0,Full-time (> 32 hours),1,9.0,,0,0,0,1,,,,12,0,0,0,0,0,0,0,0,0,0,0
c972b434eb60b1e65f7218690646b2ead858ed5c,2024-05-12,2024-05,ERP Functional Lead - NetSuite ACS,erp functional lead netsuite acs,Consultant / Implementation,Oracle,1,"Providence, RI",Rhode Island,Not specified,0,Part-time (â‰¤ 32 hours),0,10.0,,1,0,0,0,116300.0,254000.0,185150.0,30,0,0,0,0,0,0,0,0,0,0,0
510d769f156095735144f9df28f98a9e1768ac4c,2024-09-17,2024-09,Oracle Fusion SaaS Technical Analyst,fusion saas technical analyst,Other Business / Analyst,Oracle,1,"Trenton, NJ",New Jersey,Remote,1,Part-time (â‰¤ 32 hours),0,,,0,0,0,1,69992.0,141294.0,105643.0,42,0,1,0,0,0,0,0,0,0,0,0
791781d2497b7be3fb8ff02d5f49d47c85316e82,2024-05-11,2024-05,SAP Project Lead OTC/PTP/Logistics Consultant_with Pharma_100% Remote,sap project lead otc ptp logistics consultant with pharma remote,Consultant / Implementation,Scadea Solutions,0,"Dublin, OH",Ohio,Remote,1,Full-time (> 32 hours),1,,,0,0,0,1,,,,19,0,0,0,0,0,0,0,0,0,0,0
a561e1e28163dec55b2b8a8336307e3bd496041e,2024-05-11,2024-05,"Senior HCM Consultant, Medium Enterprise",senior hcm consultant medium enterprise,Consultant / Implementation,Workday,0,"Salt Lake City, UT",Utah,Not specified,0,Full-time (> 32 hours),1,10.0,,1,0,0,0,116900.0,175400.0,146150.0,14,0,0,0,0,0,0,0,0,0,0,0
e72ee09da632b5c45bec5bc31ad9fac3a2994579,2024-09-12,2024-09,Data Privacy Analyst,data privacy analyst,Other Business / Analyst,Electronic Arts,0,"Redwood City, CA",California,Remote,1,Part-time (â‰¤ 32 hours),0,,,1,0,0,0,70700.0,104600.0,87650.0,15,0,0,0,0,0,0,0,0,0,0,0
3f5fdaf7954c18200e493e21459354a1ba488317,2024-05-25,2024-05,Data Modeller,data modeller,Other Business / Analyst,Scadea Solutions,0,"Spring, TX",Texas,Not specified,0,Full-time (> 32 hours),1,,,0,0,0,1,,,,8,0,0,0,0,0,0,0,0,0,0,0
9d6c401530b1be1bef9d48be2ce959d8fa07a88e,2024-05-25,2024-05,Senior Data Analyst,senior data analyst,Data / BI Analyst,Metaflow,0,"Monroe, LA",Louisiana,Not specified,0,Full-time (> 32 hours),1,5.0,,1,0,0,0,,,,26,1,1,1,0,1,0,0,0,0,0,0
ec6380eaf48ca1fc9ed472fa1e70f86277a93c16,2024-05-30,2024-05,Consulting Project Director - Fusion ERP / HCM,consulting project director fusion erp hcm,Consultant / Implementation,Oracle,1,"[Unknown City], GA",Georgia,Not specified,0,Full-time (> 32 hours),1,,,0,0,0,1,,,,8,0,0,0,0,0,0,0,0,0,0,0
86968cdb080e8e3a77dcd241e665001eaa1658e1,2024-06-02,2024-06,Upcoming Oracle Cloud ERP Solution Advisor,upcoming cloud erp solution advisor,Other Business / Analyst,Oracle,1,"Albany, NY",New York,Not specified,0,Full-time (> 32 hours),1,,,0,0,0,1,500000.0,500000.0,500000.0,35,0,0,0,0,0,0,0,0,0,0,0
25b81e9b11a1f6dbe6ca13ad0c18047c5c9cd4c0,2024-05-26,2024-05,Data Analyst,data analyst,Data / BI Analyst,Amount,0,"Chicago, IL",Illinois,Not specified,0,Full-time (> 32 hours),1,,,1,0,0,0,99000.0,132000.0,115500.0,27,1,0,1,1,1,0,0,0,0,0,0
7a2243023530d242af6fb7df3b1eae949364cf53,2024-09-23,2024-09,Senior Consultant (OneStream Implementations),senior consultant onestream implementations,Consultant / Implementation,Onestream Software,0,"Rochester, MI",Michigan,Remote,1,Full-time (> 32 hours),1,,,1,1,0,0,100000.0,140000.0,120000.0,48,1,0,0,0,0,0,0,0,0,0,0
05b12491f9f76c834e7d7d0e3b367856b9db0c11,2024-08-22,2024-08,Oracle Technical Pre-Sales Consultant - Oracle Cloud HCM & ERP - Senior Sales Consultant - Remote,technical pre sales consultant cloud hcm erp senior sales consultant remote,Sales / Pre-Sales,Oracle,1,"Columbus, OH",Ohio,Remote,1,Part-time (â‰¤ 32 hours),0,10.0,,0,0,0,1,63003.0,159099.0,111051.0,40,1,0,0,0,0,0,0,0,0,0,0
5f92c8181bb6bc17ecca8de20543c75fec8f7911,2024-05-02,2024-05,"SAP JVA Consultant_First 3 months are 100% onsite (M-TH), then hybrid model (25%-50%)_Expense Paid",sap jva consultant first months are onsite m th then hybrid model expense paid,Consultant / Implementation,Scadea Solutions,0,"Houston, TX",Texas,Not specified,0,Full-time (> 32 hours),1,5.0,5.0,0,0,0,1,,,,3,0,0,0,0,0,0,0,0,0,0,0
ea1d7b3a9f6c5b585896888e93f46946af7cb3ff,2024-05-02,2024-05,Oracle Fusion Financials Functional Consultant- Public Sector,fusion financials functional consultant public sector,Consultant / Implementation,Oracle,1,"[Unknown City], OH",Ohio,Not specified,0,Full-time (> 32 hours),1,,,0,0,0,1,87000.0,178200.0,132600.0,7,0,0,0,0,0,0,0,0,0,0,0
04620c2876a31bc2d281142fc0b4d1abbb97163d,2024-08-19,2024-08,Oracle Health Senior Consultant,health senior consultant,Consultant / Implementation,Oracle,1,"Trenton, NJ",New Jersey,Not specified,0,Full-time (> 32 hours),1,,,0,0,0,1,51709.0,126110.0,88909.5,4,0,0,0,0,0,0,0,0,0,0,0
530492dad73951b9e163fe5e79414f3c36c99f4a,2024-08-03,2024-08,Oracle Enterprise Architect - Pre Sales - SaaS Applications (Remote),enterprise architect pre sales saas applications remote,Sales / Pre-Sales,Oracle,1,"Springfield, IL",Illinois,Remote,1,Full-time (> 32 hours),1,12.0,,1,0,0,0,121805.0,199493.0,160649.0,50,0,0,0,0,0,0,0,0,0,0,0
8eb77a59adf7fa2427d5b86302577b903c8596c8,2024-09-03,2024-09,January - Oracle NetSuite Functional Associate Consultant,january netsuite functional associate consultant,Consultant / Implementation,Oracle,1,"Austin, TX",Texas,Not specified,0,Full-time (> 32 hours),1,,,1,0,0,0,41309.0,100006.0,70657.5,18,0,0,0,0,0,0,0,0,0,0,0
ee546a7a88690bfda5dc406c9811d6b4ed5bbf6e,2024-08-02,2024-08,Corporate Systems Architect,corporate systems architect,Architect / Engineer,Tanium,0,"Denver, CO",Colorado,Not specified,0,Full-time (> 32 hours),1,8.0,,1,0,0,0,110000.0,325000.0,217500.0,53,0,0,0,0,0,0,0,0,0,0,0
ee67f055a502fa838f11119d39c23220cd4ee35e,2024-08-02,2024-08,Data Analyst (Hybrid),data analyst hybrid,Data / BI Analyst,Applied Statistics & Management,0,"Temecula, CA",California,Not specified,0,Full-time (> 32 hours),1,,,1,0,0,0,,,,19,1,0,0,0,0,0,0,0,0,0,0
5d6d6a0cefc41871915a39ecfc33dce99cc15928,2024-09-06,2024-09,Enterprise Datawarehouse Program Manager with Snowflake,enterprise datawarehouse program manager with snowflake,Other Business / Analyst,Tekcogno,0,"New York, NY",New York,Remote,1,Full-time (> 32 hours),1,,,0,0,0,1,70027.0,150000.0,110013.5,9,0,0,0,0,0,0,0,0,0,0,0
71321a033076fcdc60ccd58cb94f5b377b7aefab,2024-07-05,2024-07,Data Governance Analyst,data governance analyst,Other Business / Analyst,Securekloud Technologies,0,"Jackson, MS",Mississippi,Not specified,0,Full-time (> 32 hours),1,,,0,0,0,1,,,,6,0,0,0,0,0,0,0,0,0,0,0
d28e101f4db6d378e58c05b207a16ca8820d62bd,2024-08-12,2024-08,Oracle NetSuite Technical Associate Consultant,netsuite technical associate consultant,Consultant / Implementation,Oracle,1,"Austin, TX",Texas,Not specified,0,Full-time (> 32 hours),1,,,1,0,0,0,,,,29,0,0,0,0,0,0,0,0,0,0,0
74c3e0fe7b162bc82bdd5f89d658496ffd0557f0,2024-07-27,2024-07,Oracle SaaS HCM Lead Techno-Functional Analyst,saas hcm lead techno functional analyst,Consultant / Implementation,Oracle,1,"Springfield, IL",Illinois,Not specified,0,Full-time (> 32 hours),1,10.0,10.0,1,1,0,0,78998.0,158205.0,118601.5,43,1,0,0,0,0,0,0,0,0,0,0
9ad65fac8f7fce4232b7d8e00317295cdc4c671f,2024-09-12,2024-09,Oracle Health Principal Consultant - Acute Case Management,health principal consultant acute case management,Consultant / Implementation,Oracle,1,"Salt Lake City, UT",Utah,Not specified,0,Full-time (> 32 hours),1,5.0,,1,0,0,0,71200.0,158200.0,114700.0,15,0,0,0,0,0,0,0,0,0,0,0
e0d847ba166e883fbe2560b1603d19c8fb1ec0a4,2024-09-11,2024-09,Oracle Health Principal Consultant - Ambulatory,health principal consultant ambulatory,Consultant / Implementation,Oracle,1,"Boston, MA",Massachusetts,Not specified,0,Full-time (> 32 hours),1,8.0,,1,0,0,0,71200.0,158200.0,114700.0,14,0,0,0,0,0,0,0,0,0,0,0
98c86c70c10297cfb6e1048530fd5d056e8368dd,2024-08-23,2024-08,Senior Consultant- Oracle Global Trade Mgmt (GTM) and Transportation Mgmt (OTM),senior consultant global trade mgmt gtm and transportation mgmt otm,Consultant / Implementation,Oracle,1,"Oklahoma City, OK",Oklahoma,Not specified,0,Part-time (â‰¤ 32 hours),0,5.0,,1,0,0,0,86900.0,178200.0,132550.0,19,0,0,0,0,0,0,0,0,0,0,0
d99b4158f211b1e6bf27fd07217e312b69251b75,2024-05-09,2024-05,Data Analyst (Job Code: WA0509MC),data analyst code wa mc,Data / BI Analyst,Dropbox,0,"Seattle, WA",Washington,Not specified,0,Full-time (> 32 hours),1,1.0,,1,0,0,0,90100.0,121900.0,106000.0,24,1,0,0,0,0,0,0,0,0,0,0
a1b47aadec92d1a86ac7e49f0fff279522a53fee,2024-05-09,2024-05,Principal Architect,principal architect,Architect / Engineer,Salesforce,0,"Washington, DC","Washington, D.C. (District of Columbia)",Not specified,0,Full-time (> 32 hours),1,8.0,,1,0,0,0,165060.0,220850.0,192955.0,35,0,0,0,0,0,0,0,0,0,0,0
e644ef6c5795c7ffd002026759a188d055f2d397,2024-07-26,2024-07,Technical Solutions Executive,technical solutions executive,Other Business / Analyst,Autodesk,0,"Portland, TX",Texas,Remote,1,Full-time (> 32 hours),1,7.0,,1,1,0,0,152400.0,220550.0,186475.0,27,0,0,0,0,0,0,0,0,0,0,0
4c4d4d71d9f52dfa066c7c76778f33d40ca4a77c,2024-09-06,2024-09,Data Analyst II,data analyst ii,Data / BI Analyst,Oracle,1,"Boston, MA",Massachusetts,Not specified,0,Full-time (> 32 hours),1,7.0,,1,0,0,0,51709.0,126110.0,88909.5,38,0,0,1,0,1,0,0,0,0,0,0
9b0b12f0960f3b0d6d5625667d5ec978f981bb78,2024-09-28,2024-09,Oracle Health - Federal Senior Staff Test Consultant,health federal senior staff test consultant,Consultant / Implementation,Oracle,1,"Springfield, IL",Illinois,Not specified,0,Full-time (> 32 hours),1,2.0,2.0,1,0,0,0,51709.0,126110.0,88909.5,17,0,0,0,0,0,0,0,0,0,0,0
3f8fe53431774bcdaeb991d10f3011475de738a4,2024-09-07,2024-09,NetSuite Planning and Budgeting (NSPB) Functional Consultant - Principal Consultant,netsuite planning and budgeting nspb functional consultant principal consultant,Consultant / Implementation,Oracle,1,"Springfield, IL",Illinois,Not specified,0,Full-time (> 32 hours),1,5.0,5.0,1,0,0,0,66700.0,145000.0,105850.0,29,0,0,0,0,0,0,0,0,0,0,0
c703b9916f77de9dd4036797479cfee512b7728b,2024-09-07,2024-09,Sr. Principal Consultant - Manufacturing - NetSuite ACS,sr principal consultant manufacturing netsuite acs,Consultant / Implementation,Oracle,1,"Albany, NY",New York,Not specified,0,Full-time (> 32 hours),1,6.0,6.0,1,0,0,0,,,,15,0,0,0,0,0,0,0,0,0,0,0
77a574808ae648c62f72531299292cdcc0b963e4,2024-09-07,2024-09,SAP Senior TM Consultant,sap senior tm consultant,Consultant / Implementation,SAP,0,"Cincinnati, OH",Ohio,Not specified,0,Full-time (> 32 hours),1,,,1,0,0,0,,,,22,0,0,0,0,0,0,0,0,0,0,0
55cd355ed3e641dae90d713421c4d793c3afee22,2024-09-26,2024-09,"Oracle Health Principal Consultant - Radiology , PACS & RadNet",health principal consultant radiology pacs radnet,Consultant / Implementation,Oracle,1,"Springfield, IL",Illinois,Not specified,0,Full-time (> 32 hours),1,8.0,,1,0,0,0,71200.0,158200.0,114700.0,15,0,0,0,0,0,0,0,0,0,0,0
d1da33ee850b8d7d8d0f8020cd5a926acfc95b76,2024-09-26,2024-09,Principal - Enterprise Architect - Federal,principal enterprise architect federal,Architect / Engineer,Workday,0,"Annapolis, MD",Maryland,Not specified,0,Full-time (> 32 hours),1,,,1,0,0,0,157200.0,235600.0,196400.0,23,0,0,0,0,0,0,0,0,0,0,0
4c4ac7d55ed565990154071585ef019282231f84,2024-06-24,2024-06,Senior Data Analyst,senior data analyst,Data / BI Analyst,Yello,0,"Chicago, IL",Illinois,Remote,1,Full-time (> 32 hours),1,2.0,2.0,1,1,0,0,100000.0,130000.0,115000.0,38,1,1,1,1,1,0,0,0,0,0,0
e659eec4944823876c0cfb1c511898140aac9983,2024-05-04,2024-05,"Senior Manager, Analyst Relations, Oracle Fusion Cloud ERP (REMOTE)",senior manager analyst relations fusion cloud erp remote,Other Business / Analyst,Oracle,1,"Helena, MT",Montana,Remote,1,Full-time (> 32 hours),1,7.0,,0,0,0,1,97400.0,199500.0,148450.0,21,0,0,0,0,0,0,0,0,0,0,0
7aae329283fe270b01ed1747b15ba085aadf587c,2024-05-18,2024-05,Data Analytics Consultant,data analytics consultant,Data / BI Analyst,Calligo,0,"Seattle, WA",Washington,Hybrid Remote,0,Full-time (> 32 hours),1,2.0,,0,0,0,1,,,,18,1,0,1,1,0,0,0,0,0,0,0
e013a1fa9d69d03deb426b7eed288ea8e4e2d3ae,2024-09-25,2024-09,Oracle Health Principal Consultant - Inpatient Nursing,health principal consultant inpatient nursing,Consultant / Implementation,Oracle,1,"Springfield, IL",Illinois,Not specified,0,Full-time (> 32 hours),1,8.0,,0,0,0,1,71200.0,158200.0,114700.0,12,0,0,0,0,0,0,0,0,0,0,0
69681bd80efe7e80d3a355aa14ebe61bb1328eef,2024-08-14,2024-08,Global Senior Enterprise Architect,global senior enterprise architect,Architect / Engineer,SAP,0,"Newtown Square, PA",Pennsylvania,Not specified,0,Full-time (> 32 hours),1,5.0,,0,0,0,1,,,,22,0,0,0,0,0,0,0,0,0,0,0
54a881a063cf80c81fabb23d7b083498d42c60ce,2024-07-22,2024-07,Enterprise Manager Technical Analyst 5 - DBA Support,enterprise manager technical analyst dba support,Other Business / Analyst,Oracle,1,"Orlando, FL",Florida,Not specified,0,Full-time (> 32 hours),1,,,0,0,0,1,,,,11,0,0,0,0,0,0,0,0,0,0,0
43b8a909fde73e2afc17bacb27268e6c645471b4,2024-07-27,2024-07,Oracle SaaS ERP Financials Techno-Functional Analyst with FAH,saas erp financials techno functional analyst with fah,Consultant / Implementation,Oracle,1,"Springfield, IL",Illinois,Not specified,0,Full-time (> 32 hours),1,8.0,8.0,1,1,0,0,78998.0,158205.0,118601.5,59,1,1,0,0,0,0,0,0,0,0,0
47683484ad3a6d773189b2e8e7ad7d9c68c147b0,2024-08-21,2024-08,Oracle Technical Pre-Sales Consultant - Oracle Cloud HCM & ERP - Senior Sales Consultant - Remote,technical pre sales consultant cloud hcm erp senior sales consultant remote,Sales / Pre-Sales,Oracle,1,"Lansing, MI",Michigan,Remote,1,Part-time (â‰¤ 32 hours),0,10.0,,0,0,0,1,63003.0,159099.0,111051.0,46,1,0,0,0,0,1,0,0,0,0,0
9a91bf98abd9f5eb822e3025c532bea73aa9c84f,2024-06-08,2024-06,Oracle Cloud SCM Functional Support,oracle cloud scm functional support,Consultant / Implementation,Sutherland,0,"Burlington, VT",Vermont,Not specified,0,Full-time (> 32 hours),1,,,0,0,0,1,,,,2,0,0,0,0,0,0,0,0,0,0,0
f36d4312bf6acf7c90a027092e69c0862699bcb5,2024-07-16,2024-07,MuleSoft Architect,mulesoft architect,Architect / Engineer,Tekcogno,0,"Nashville, TN",Tennessee,Not specified,0,Full-time (> 32 hours),1,14.0,,1,0,0,0,119706.0,135000.0,127353.0,39,0,0,0,0,0,0,0,1,1,1,0
fa924f5d2b7f54097233fc80d9d5a5bea9cf9eaa,2024-09-20,2024-09,Data Analytics: MBA Internship Opportunity,data analytics mba internship opportunity,Data / BI Analyst,Microsoft,0,"Redmond, WA",Washington,Remote,1,Full-time (> 32 hours),1,,,0,1,0,0,66720.0,87120.0,76920.0,9,0,0,0,1,0,0,0,0,0,0,0
f8c845287abff027aaeae6d18932cd2adeba272b,2024-08-09,2024-08,Customer Deal Desk Analyst,customer deal desk analyst,Other Business / Analyst,Oracle,1,"San Antonio, TX",Texas,Not specified,0,Full-time (> 32 hours),1,,,0,0,0,1,,,,11,0,0,0,0,0,0,0,0,0,0,0
0dd84513366b53f6ff49fadd2f935efca555b01a,2024-08-23,2024-08,Senior Consultant- Oracle Global Trade Mgmt (GTM) and Transportation Mgmt (OTM),senior consultant global trade mgmt gtm and transportation mgmt otm,Consultant / Implementation,Oracle,1,"Concord, NH",New Hampshire,Not specified,0,Part-time (â‰¤ 32 hours),0,5.0,,1,0,0,0,86900.0,178200.0,132550.0,19,0,0,0,0,0,0,0,0,0,0,0
ff01170806c84b3cac3ed789e67e60ddde1391f6,2024-08-23,2024-08,"Consulting Technical Manager, ERP Cloud Technical/Integration Lead",consulting technical manager erp cloud technical integration lead,Consultant / Implementation,Oracle,1,"Sacramento, CA",California,Not specified,0,Part-time (â‰¤ 32 hours),0,,,0,0,0,1,88500.0,199500.0,144000.0,36,0,0,0,0,0,0,0,0,0,0,0
07df378abb524bc9eab87476da17d62d3b9a775c,2024-08-26,2024-08,2025 University Graduate - Enterprise Resilience Analyst,university graduate enterprise resilience analyst,Other Business / Analyst,Adobe,0,"New York, NY",New York,Not specified,0,Full-time (> 32 hours),1,,,0,0,0,1,,,,1,0,0,0,0,0,0,0,0,0,0,0
a6dc4826d44ced9618c8758fa264e624ddc806e2,2024-07-18,2024-07,"Lead Analytics Consultant, Real World Data Insights",lead analytics consultant real world data insights,Data / BI Analyst,Healthverity,0,"Philadelphia, PA",Pennsylvania,Not Remote,0,Full-time (> 32 hours),1,3.0,,0,1,0,0,80000.0,190000.0,135000.0,43,1,1,0,0,0,0,0,0,0,0,0
671671df2f94a75a072efac399d7915327352d1a,2024-07-18,2024-07,"CBA - VX23 - Aircraft Worker (F/A-18) - Naval Test Wing Atlantic (NTWL) - Patuxent River, MD",cba vx aircraft worker f a naval test wing atlantic ntwl,Other Business / Analyst,Vertex,0,"Patuxent River, MD",Maryland,Not specified,0,Full-time (> 32 hours),1,3.0,,0,0,0,0,,,,16,0,0,0,0,0,0,0,0,0,0,0
d81f034ce4041b97ad8c049e5a13558830f77887,2024-05-02,2024-05,Oracle Fusion Financials Functional Consultant- Public Sector,fusion financials functional consultant public sector,Consultant / Implementation,Oracle,1,"Honolulu, HI",Hawaii,Not specified,0,Full-time (> 32 hours),1,,,0,0,0,1,87000.0,178200.0,132600.0,8,0,0,0,0,0,0,0,0,0,0,0
87d7725958d2171ef19bac3d0ca79689c5cabe16,2024-05-02,2024-05,Oracle (FAH) Functional Consultant- Finance Accounting Hub,fah functional consultant finance accounting hub,Consultant / Implementation,Oracle,1,"Boise, ID",Idaho,Not specified,0,Full-time (> 32 hours),1,,,0,0,0,1,88500.0,199500.0,144000.0,12,0,0,0,0,0,0,0,0,0,0,0
371ce477997d9ebedd05e16f5e3334426471ab78,2024-05-09,2024-05,NetSuite Data and Analytics Solution Specialist,netsuite data and analytics solution specialist,Data / BI Analyst,Oracle,1,"Boston, MA",Massachusetts,Remote,1,Full-time (> 32 hours),1,,,0,0,0,1,90100.0,147600.0,118850.0,40,1,0,0,0,0,1,1,0,0,0,0
a2f47e8a75019919236545d6584d80c049497d16,2024-07-28,2024-07,SQL Business Analyst (healthcare),sql business analyst healthcare,Other Business / Analyst,Tekcogno,0,"Philadelphia, PA",Pennsylvania,Remote,1,Full-time (> 32 hours),1,10.0,,1,0,0,0,70000.0,90000.0,80000.0,24,1,0,0,0,0,0,0,0,0,0,0
3ff96dde477110701d8834a798de4a8afcebf84a,2024-09-07,2024-09,Data Engineer or Data Analyst,data engineer or data analyst,Data / BI Analyst,Constellation Software Engineering,0,"Annapolis, MD",Maryland,Remote,1,Full-time (> 32 hours),1,5.0,,1,0,0,0,,,,15,0,0,0,0,0,0,0,0,0,0,0
588ccf8b12ffa1569158d701b0eb54ea10703dc6,2024-08-10,2024-08,Senior Distinguished Architect,senior distinguished architect,Architect / Engineer,Autodesk,0,"Portland, OR",Oregon,Not specified,0,Full-time (> 32 hours),1,10.0,,1,1,0,0,207400.0,335500.0,271450.0,17,0,0,0,0,0,0,0,0,0,0,0
3d60c4ec002efa13e2f408f138b9bf14afce83ca,2024-06-05,2024-06,Knowledge Management Specialist: Data Management & Analytics,knowledge management specialist data management analytics,Data / BI Analyst,Insight Technology Solutions,0,"Washington, DC","Washington, D.C. (District of Columbia)",Not specified,0,Full-time (> 32 hours),1,7.0,,1,0,0,0,,,,33,1,0,1,1,0,0,0,0,0,0,0
dc1037359c1b6e86aa064a57bde13d8460a5fd4d,2024-08-01,2024-08,Data Analyst,data analyst,Data / BI Analyst,Applied Statistics & Management,0,"Temecula, CA",California,Not specified,0,Full-time (> 32 hours),1,,,1,0,0,0,,,,21,1,0,0,0,0,0,0,0,0,0,0
0dd4d6df8d8cbbfa0f69f0434849387b01b955e8,2024-05-12,2024-05,Oracle HCM Cloud Applications Solution Advisor,hcm cloud applications solution advisor,Other Business / Analyst,Oracle,1,"Helena, MT",Montana,Not specified,0,Part-time (â‰¤ 32 hours),0,,,0,0,0,1,120100.0,500000.0,310050.0,35,0,0,0,0,0,0,0,0,0,0,0
78dc2b7204c7000d1aa0c2553e16583e787b01a6,2024-05-12,2024-05,"Senior HCM Consultant, Medium Enterprise",senior hcm consultant medium enterprise,Consultant / Implementation,Workday,0,"Wichita, KS",Kansas,Not specified,0,Full-time (> 32 hours),1,10.0,,1,0,0,0,,,,14,0,0,0,0,0,0,0,0,0,0,0
c5f9b33fd7b3513189efd27414f146ebc6ba188c,2024-05-12,2024-05,"Senior HCM Consultant, Medium Enterprise",senior hcm consultant medium enterprise,Consultant / Implementation,Workday,0,"Kansas City, MO",Missouri,Not specified,0,Full-time (> 32 hours),1,10.0,,1,0,0,0,116900.0,175400.0,146150.0,13,0,0,0,0,0,0,0,0,0,0,0
08631782661f51f3884eba47846f56f6b0af6684,2024-05-12,2024-05,Data Analytics Lead,data analytics lead,Data / BI Analyst,Salesforce,0,"Chicago, IL",Illinois,Not specified,0,Full-time (> 32 hours),1,5.0,,0,0,0,1,116600.0,160400.0,138500.0,48,1,1,1,0,0,0,0,0,0,0,0
325d45c7fe89936e3eb1ce0e7a945e354d9ecbd9,2024-05-12,2024-05,Sr. Payroll Implementation Consultant (Medium Enterprise),sr payroll implementation consultant medium enterprise,Consultant / Implementation,Workday,0,"[Unknown City], UT",Utah,Not specified,0,Full-time (> 32 hours),1,10.0,,1,0,0,0,116900.0,175400.0,146150.0,15,0,0,0,0,0,0,0,0,0,0,0
93c422fec2c1648e58d039f6e742d811465263ce,2024-08-05,2024-08,Senior Consultant- Oracle Global Trade Mgmt (GTM) and Transportation Mgmt (OTM),senior consultant global trade mgmt gtm and transportation mgmt otm,Consultant / Implementation,Oracle,1,"Providence, RI",Rhode Island,Not specified,0,Part-time (â‰¤ 32 hours),0,5.0,,1,0,0,0,86900.0,178200.0,132550.0,19,0,0,0,0,0,0,0,0,0,0,0
bce7b72208e5e93294f7e73cc63ed6b357a26be1,2024-07-22,2024-07,"Enterprise Architect, Business Technology, Data",enterprise architect business technology data,Architect / Engineer,Salesforce,0,"Dallas, TX",Texas,Not specified,0,Full-time (> 32 hours),1,8.0,,0,0,0,1,,,,32,0,0,0,0,0,1,1,0,0,0,0
74ee36bb0eb81c94d6546c2dfd8db837d36245b3,2024-07-22,2024-07,Support Analyst,support analyst,Other Business / Analyst,Oracle,1,"Kansas City, MO",Missouri,Not specified,0,Full-time (> 32 hours),1,4.0,,1,0,0,0,,,,10,0,0,0,0,0,0,0,0,0,0,0
9c13a07acb96a8b389471ed9aaf1041699b1f2a1,2024-05-10,2024-05,Oracle EBS Systems Analyst,oracle ebs systems analyst,Other Business / Analyst,Tekcogno,0,"Reston, VA",Virginia,Not specified,0,Full-time (> 32 hours),1,7.0,7.0,1,0,0,0,,,,42,0,0,0,0,0,0,0,0,0,0,0
0b6cbaa65a00113f3d69b3481173a07412216a43,2024-05-10,2024-05,Lease Center of Excellence Data Analyst,lease center of excellence data analyst,Data / BI Analyst,Microsoft,0,"Redmond, WA",Washington,Not specified,0,Full-time (> 32 hours),1,2.0,,1,1,0,0,105300.0,176900.0,141100.0,25,0,0,0,0,1,0,0,0,0,0,0
a7e26e7cf270ee2c36e25254c2857da4fa06ad03,2024-05-10,2024-05,Senior Principal Consultant - Manufacturing - ACS,senior principal consultant manufacturing acs,Consultant / Implementation,Oracle,1,"Tallahassee, FL",Florida,Not specified,0,Full-time (> 32 hours),1,6.0,6.0,1,0,0,0,86900.0,178200.0,132550.0,31,0,0,0,0,0,0,0,0,0,0,0
4458d5f727c6e66aab6e20153112d7d7404f76f0,2024-08-29,2024-08,Oracle Health Consulting - Engagement Mgmt - Manager (M2),health consulting engagement mgmt manager m,Consultant / Implementation,Oracle,1,"Springfield, IL",Illinois,Not specified,0,Full-time (> 32 hours),1,6.0,6.0,1,0,0,0,77600.0,178200.0,127900.0,13,0,0,0,0,0,0,0,0,0,0,0
967bebfea59af2e9598df1eb4dd82f0fef7e6004,2024-08-29,2024-08,Senior Oracle Payment Interface (OPI) Enablement Consultant,senior payment interface opi enablement consultant,Consultant / Implementation,Oracle,1,"Boston, MA",Massachusetts,Not specified,0,Full-time (> 32 hours),1,5.0,,0,0,0,1,70400.0,178200.0,124300.0,5,0,0,0,0,0,0,0,0,0,0,0
ea9cf3bbbac86112c8d13dca8598eb2290c30325,2024-07-29,2024-07,Oracle SaaS SCM Cloud Techno-Functional Analyst,saas scm cloud techno functional analyst,Consultant / Implementation,Oracle,1,"Phoenix, AZ",Arizona,Not specified,0,Part-time (â‰¤ 32 hours),0,8.0,,1,0,0,0,78998.0,158205.0,118601.5,39,1,0,0,0,0,0,0,0,0,0,0
e52eb21927e81b73ef1e3ff0a28d81129cbde4f3,2024-06-27,2024-06,"Data Analyst, Operations",data analyst operations,Data / BI Analyst,Quizlet,0,"Denver, CO",Colorado,Not specified,0,Full-time (> 32 hours),1,2.0,,0,0,0,1,95000.0,140000.0,117500.0,21,1,0,0,0,0,1,0,0,0,0,0
678340d64afa41b3c6218508a148f6e461d0e514,2024-07-05,2024-07,Oracle CRM Consultant,oracle crm consultant,Consultant / Implementation,Virtue Corporate Group,0,"Jamesburg, NJ",New Jersey,Not specified,0,Full-time (> 32 hours),1,,,0,0,0,1,,,,5,0,0,0,0,0,0,0,0,0,0,0
606cecb032e6a67a3bfc891ca9727aacfa5c35dd,2024-09-18,2024-09,Advanced Analyst - American Football,advanced analyst american football,Other Business / Analyst,Electronic Arts,0,"Orlando, FL",Florida,Not Remote,0,Full-time (> 32 hours),1,6.0,,1,0,0,0,,,,22,1,1,1,1,0,0,0,0,0,0,0
0ae4ef248af809d0307bfe454e7165caee28114b,2024-07-03,2024-07,CX Cloud Consulting Technical Manager - Oracle Subscription Management Cloud,cx cloud consulting technical manager subscription management cloud,Consultant / Implementation,Oracle,1,"Columbus, OH",Ohio,Not specified,0,Full-time (> 32 hours),1,8.0,8.0,1,0,0,0,,,,24,0,0,0,0,0,0,0,0,0,0,0
9855c06182ad81339f5be59b0cb2becb7475361a,2024-07-03,2024-07,"Data Analyst II, Client Analytics",data analyst ii client analytics,Data / BI Analyst,Omada Health,0,"San Francisco, CA",California,Remote,1,Full-time (> 32 hours),1,4.0,,1,0,0,0,128800.0,161000.0,144900.0,14,1,0,1,0,0,0,1,0,0,0,0
a25017d0f843bccca9828167502d49a7e00a8b8e,2024-08-14,2024-08,Data Visualizer Analyst,data visualizer analyst,Other Business / Analyst,Dt Professional Services,0,"Norco, CA",California,Not specified,0,Full-time (> 32 hours),1,2.0,,1,0,0,0,65000.0,75000.0,70000.0,12,0,0,1,0,0,0,0,0,0,0,0
31dda8c53de4c966ec79b76ce17c42d835151773,2024-08-14,2024-08,"Growth Associate San Mateo, CA United States",growth associate united states,Other Business / Analyst,Verkada,0,"San Mateo, CA",California,Not specified,0,Full-time (> 32 hours),1,2.0,2.0,1,0,0,0,130000.0,170000.0,150000.0,15,1,0,0,0,0,0,1,0,0,0,0
d5abad0f8f8504b893d4d6877a68e9b59923c4e6,2024-09-11,2024-09,Oracle Health Principal Consultant - Referral Management,health principal consultant referral management,Consultant / Implementation,Oracle,1,"Boston, MA",Massachusetts,Not specified,0,Full-time (> 32 hours),1,8.0,,1,0,0,0,71200.0,158200.0,114700.0,15,0,0,0,0,0,0,0,0,0,0,0
e9ba6d0c844babea84a89dbd1249e127b9e50b03,2024-07-19,2024-07,Lead Business Intelligence Analyst,lead business intelligence analyst,Data / BI Analyst,Autodesk,0,"San Francisco, CA",California,Not specified,0,Full-time (> 32 hours),1,,,1,0,0,0,116100.0,187770.0,151935.0,36,1,1,0,1,1,0,1,0,0,0,0
3d0848ae0fdb1acde918ea9bb88848b74c0f4adc,2024-06-14,2024-06,"Warranty and Service Data Analyst_Nashville, TN_ onsite",warranty and service data analyst onsite,Data / BI Analyst,Scadea Solutions,0,"Nashville, TN",Tennessee,Not specified,0,Full-time (> 32 hours),1,3.0,,1,0,0,0,,,,24,1,0,1,1,0,0,0,0,0,0,0
3390b172c184789e5d45fa8e2079a247e7a08295,2024-09-25,2024-09,ERP Consultant - Sage Intacct,erp consultant sage intacct,Consultant / Implementation,Swk Technologies,0,"San Francisco, CA",California,Not specified,0,Full-time (> 32 hours),1,2.0,2.0,0,0,0,1,,,,12,0,0,0,0,0,0,0,0,0,0,0
e2adf02d2e8804303348ff058d9cab81d466e1a6,2024-09-25,2024-09,ERP Consultant - Sage Intacct,erp consultant sage intacct,Consultant / Implementation,Swk Technologies,0,"Philadelphia, PA",Pennsylvania,Not specified,0,Full-time (> 32 hours),1,2.0,2.0,0,0,0,1,,,,12,0,0,0,0,0,0,0,0,0,0,0
6d0dba00d19c926febf01b4e6c3d7ae114184b0e,2024-07-19,2024-07,"Data Analyst, TIDAL",data analyst tidal,Data / BI Analyst,Afterpay,0,"New York, NY",New York,Remote,1,Full-time (> 32 hours),1,4.0,,1,0,0,0,89400.0,137500.0,113450.0,25,1,0,1,0,1,0,0,0,0,0,0
869ab0ddb1fee45911ef8df7221ebeaf39487feb,2024-07-04,2024-07,"Senior Data Science Analyst, Customer Success Analytics & Operations",senior data science analyst customer success analytics operations,Data Scientist / ML,Klaviyo,0,"Boston, MA",Massachusetts,Not specified,0,Full-time (> 32 hours),1,5.0,,0,0,0,1,96000.0,144000.0,120000.0,48,1,1,1,0,0,0,1,0,0,0,0
d4493a445d1bfa531519ca89b3be1573f60c65b0,2024-08-21,2024-08,Oracle ERP Cloud Applications Solution Advisor,erp cloud applications solution advisor,Other Business / Analyst,Oracle,1,"Boston, MA",Massachusetts,Not specified,0,Part-time (â‰¤ 32 hours),0,,,0,0,0,1,120100.0,500000.0,310050.0,34,0,0,0,0,0,0,0,0,0,0,0
13dbfff0badc1a91e39192568bdf155e3116a70f,2024-07-11,2024-07,"Senior Analyst, Finance Transformation and Cloud ERP - Data Conversion",senior analyst finance transformation and cloud erp data conversion,Other Business / Analyst,Salesforce,0,"Atlanta, GA",Georgia,Not specified,0,Full-time (> 32 hours),1,,,0,0,0,1,,,,28,0,0,1,0,0,0,1,0,0,0,0
19983640cd105da74dc34815f52d1547718ddfbe,2024-06-27,2024-06,Fraud Data Analyst (multiple positions),fraud data analyst multiple positions,Data / BI Analyst,Adobe,0,"Seattle, WA",Washington,Remote,1,Full-time (> 32 hours),1,2.0,,0,1,0,0,,,,17,1,1,1,1,0,1,0,0,0,0,0
20829c9ed040398015e3a0be96e43ed8185d0b43,2024-08-26,2024-08,AI Solution Architect/Senior AI Solution Architect (Post-Sales),ai solution architect senior ai solution architect post sales,Sales / Pre-Sales,C3 Iot,0,"New York, NY",New York,Not specified,0,Full-time (> 32 hours),1,5.0,,1,0,0,0,120000.0,120000.0,120000.0,43,0,0,0,0,0,1,0,1,1,0,0
dc0835d16419aaf50b1d38e0e86e5b0e463e5ba7,2024-09-18,2024-09,"Consulting Member of Technical Staff, Oracle Kubernetes Engine",consulting member of technical staff kubernetes engine,Consultant / Implementation,Oracle,1,"Boston, MA",Massachusetts,Not specified,0,Full-time (> 32 hours),1,10.0,,1,0,0,0,94200.0,223500.0,158850.0,36,0,1,0,0,0,1,0,0,0,0,0
0e9445e7a6249929e5b644acd296383fe55a1267,2024-09-14,2024-09,Oracle Health Principal Consultant - Registration,health principal consultant registration,Consultant / Implementation,Oracle,1,"Augusta, ME",Maine,Not specified,0,Part-time (â‰¤ 32 hours),0,8.0,,1,0,0,0,71200.0,158200.0,114700.0,14,0,0,0,0,0,0,0,0,0,0,0
bf4c5a011149c2f5c500d043558b908cb65432f0,2024-09-14,2024-09,Oracle Health Senior Organizational Change Consultant,health senior organizational change consultant,Consultant / Implementation,Oracle,1,"Santa Fe, NM",New Mexico,Not specified,0,Part-time (â‰¤ 32 hours),0,6.0,,1,0,0,0,71200.0,158200.0,114700.0,19,0,0,0,0,0,0,0,0,0,0,0
d68db5190ad6beae737ecd4713f76d35038239a3,2024-09-14,2024-09,Heroku Technical Architect,heroku technical architect,Architect / Engineer,Salesforce,0,"[Unknown City], NY",New York,Not specified,0,Full-time (> 32 hours),1,,,0,0,0,1,,,,20,0,0,0,0,0,0,0,0,0,0,0
7076744becc76730bd10ca305a429472fd61ffa1,2024-09-18,2024-09,Oracle Health Principal Consultant - Charge Service,health principal consultant charge service,Consultant / Implementation,Oracle,1,"Boston, MA",Massachusetts,Not specified,0,Full-time (> 32 hours),1,8.0,,1,0,0,0,71200.0,158200.0,114700.0,14,0,0,0,0,0,0,0,0,0,0,0
09ebd5551a8e7f4dfff44dac1b3e352ab591d719,2024-09-18,2024-09,"Data Analyst, Business Intelligence",data analyst business intelligence,Data / BI Analyst,Doximity,0,"San Francisco, CA",California,Not specified,0,Full-time (> 32 hours),1,,,0,0,0,1,,,,4,0,0,0,0,0,0,0,0,0,0,0
3301cb7f4c5841ea5996104cce76f14fcae1e552,2024-06-27,2024-06,Solution Specialist- EPM,solution specialist epm,Other Business / Analyst,Oracle,1,"Springfield, IL",Illinois,Not specified,0,Full-time (> 32 hours),1,5.0,5.0,0,0,0,1,112000.0,185200.0,148600.0,37,0,0,0,0,0,0,0,0,0,0,0
62881a9f97d1232faf48fb1bbfa12efdf2d2f3b6,2024-09-12,2024-09,Oracle Fusion Cloud WMS Consultant,fusion cloud wms consultant,Consultant / Implementation,Oracle,1,"Boston, MA",Massachusetts,Not specified,0,Full-time (> 32 hours),1,6.0,,0,0,0,1,88500.0,199500.0,144000.0,24,0,0,0,0,0,0,0,0,0,0,0
75e9427e1825e7aeae681cee17bb46f28346291a,2024-06-14,2024-06,Technical Architect,technical architect,Architect / Engineer,Sourcefuse,0,"Dallas, TX",Texas,Not specified,0,Full-time (> 32 hours),1,,,1,1,0,0,,,,22,0,0,0,0,0,0,0,1,1,1,0
874979cbd84972f0482f52f149278637c7d143ae,2024-05-11,2024-05,Senior Data Modeler,senior data modeler,Data / BI Analyst,Salesforce,0,"San Francisco, CA",California,Not specified,0,Full-time (> 32 hours),1,,,0,0,0,1,125700.0,243100.0,184400.0,35,1,0,1,0,0,0,0,0,0,0,0
77d6b859d7c135f0975f148a82ec55675e113f6c,2024-09-16,2024-09,AI Data Trainer - Mathematics Specialist,ai data trainer mathematics specialist,AI Data Trainer,Outlier Ai,0,"Saint Louis, MO",Missouri,Not specified,0,Full-time (> 32 hours),1,,,1,0,0,0,62400.0,104000.0,83200.0,5,0,0,0,0,0,0,0,0,0,0,0
42d67446b0407b5d1c5c7c56327f68b713b07160,2024-09-26,2024-09,Senior Data Analyst,senior data analyst,Data / BI Analyst,Zynga,0,"[Unknown City], CA",California,Not specified,0,Full-time (> 32 hours),1,4.0,,1,1,1,0,105000.0,155000.0,130000.0,33,1,1,1,0,1,1,0,0,0,0,0
033fd6faf8ae80a3155dc356de94c12742391801,2024-08-21,2024-08,"Business Analyst(SAP)_Hybrid in San Antonio, TX",business analyst sap hybrid,Other Business / Analyst,Scadea Solutions,0,"San Antonio, TX",Texas,Not specified,0,Full-time (> 32 hours),1,,,0,0,0,1,,,,3,0,0,0,0,0,0,0,0,0,0,0
be6ca0c0cca4e0226654b57485888f02de9abb95,2024-09-16,2024-09,AI Data Trainer - Mathematics Specialist,ai data trainer mathematics specialist,AI Data Trainer,Outlier Ai,0,"[Unknown City], NM",New Mexico,Not specified,0,Full-time (> 32 hours),1,,,1,0,0,0,62400.0,104000.0,83200.0,5,0,0,0,0,0,0,0,0,0,0,0
954cd5c66a2d7c53944e8bc51359cdeab3caa333,2024-09-16,2024-09,"Principal Consultant, Oracle ERP Security",principal consultant erp security,Consultant / Implementation,Oracle,1,"Sacramento, CA",California,Not specified,0,Part-time (â‰¤ 32 hours),0,4.0,4.0,0,0,0,1,66700.0,145000.0,105850.0,13,0,0,0,0,0,0,0,0,0,0,0
218c3ff3056d7143105cbba6769d03cccd11bb95,2024-09-16,2024-09,AI Data Trainer - Mathematics Specialist,ai data trainer mathematics specialist,AI Data Trainer,Outlier Ai,0,"Rio Rancho, NM",New Mexico,Not specified,0,Full-time (> 32 hours),1,,,1,0,0,0,62400.0,104000.0,83200.0,5,0,0,0,0,0,0,0,0,0,0,0
1e60ec94d957067eaf629f468c32532cf0149979,2024-09-16,2024-09,AI Data Trainer - Mathematics Specialist,ai data trainer mathematics specialist,AI Data Trainer,Outlier Ai,0,"Philadelphia, PA",Pennsylvania,Not specified,0,Full-time (> 32 hours),1,,,1,0,0,0,62400.0,104000.0,83200.0,5,0,0,0,0,0,0,0,0,0,0,0
83216cbb36915957983b2d69482fa55eeb1a6264,2024-06-11,2024-06,Oracle Cloud Finance Functional,oracle cloud finance functional,Consultant / Implementation,Think Big Solutions,0,"New York, NY",New York,Not specified,0,Full-time (> 32 hours),1,10.0,,0,0,0,1,,,,7,0,0,0,0,0,0,0,0,0,0,0
e1234df25626f753d8eac0c8898dd9a65ac79296,2024-05-14,2024-05,"Oracle EPM Financial Analyst_Hybrid in Overland Park, Kansas or Atlanta, GA MUST BE LOCAL",oracle epm financial analyst hybrid in overland park kansas or must be local,Other Business / Analyst,Scadea Solutions,0,"Atlanta, GA",Georgia,Hybrid Remote,0,Full-time (> 32 hours),1,3.0,,1,0,0,0,,,,15,0,0,0,0,0,0,0,0,0,0,0
2891b4448a75311192f04388b3b86ee19eb5eb31,2024-05-02,2024-05,Industry Sales Executive,industry sales executive,Sales / Pre-Sales,Oracle,1,"Helena, MT",Montana,Remote,1,Full-time (> 32 hours),1,,,1,0,0,0,93000.0,185200.0,139100.0,24,0,0,0,0,0,0,0,0,0,0,0
c0afc6c368b175dd7342a2af2d7376caeb97a23a,2024-09-13,2024-09,Oracle Health Principal Consultant - Health Information Management,health principal consultant health information management,Consultant / Implementation,Oracle,1,"Salem, OR",Oregon,Not specified,0,Part-time (â‰¤ 32 hours),0,8.0,,1,0,0,0,71200.0,158200.0,114700.0,15,0,0,0,0,0,0,0,0,0,0,0
48ecb7c538b73ee4284986529e73e20fa76df113,2024-06-14,2024-06,Enterprise Architect- Financial Services,enterprise architect financial services,Architect / Engineer,Oracle,1,"Springfield, IL",Illinois,Hybrid Remote,0,Full-time (> 32 hours),1,,,0,0,0,1,120100.0,251600.0,185850.0,17,0,0,0,0,0,0,0,0,0,0,0
8541d6e650f50e67a7d87779e4627df81c8bfecf,2024-08-29,2024-08,Software Engineer Intern - Corporate Architecture,software engineer intern corporate architecture,Architect / Engineer,Oracle,1,"Boston, MA",Massachusetts,Not specified,0,Part-time (â‰¤ 32 hours),0,,,1,1,1,0,39499.0,110240.0,74869.5,50,0,1,0,0,0,1,0,0,0,0,0
9d69466c6da259b622a5d4d480d1a036843a3664,2024-08-29,2024-08,Oracle Health Consulting - Engagement Mgmt - Manager (M2),health consulting engagement mgmt manager m,Consultant / Implementation,Oracle,1,"Boston, MA",Massachusetts,Not specified,0,Full-time (> 32 hours),1,6.0,6.0,1,0,0,0,77600.0,178200.0,127900.0,13,0,0,0,0,0,0,0,0,0,0,0
4f833b6726b2b501e25de049db8dddec7188036d,2024-08-29,2024-08,SAP Enterprise Architecture Advisory - Senior Advisor - US Multiple Locations,sap enterprise architecture advisory senior advisor us multiple locations,Architect / Engineer,SAP,0,"Atlanta, GA",Georgia,Not specified,0,Full-time (> 32 hours),1,5.0,,0,0,0,1,,,,18,0,0,0,0,0,0,0,0,0,0,0
1e3592bf2b7fe3f6c8fd9c655c4f6fd52fcec3b9,2024-08-29,2024-08,Senior Oracle Payment Interface (OPI) Enablement Consultant,senior payment interface opi enablement consultant,Consultant / Implementation,Oracle,1,"Springfield, IL",Illinois,Not specified,0,Full-time (> 32 hours),1,5.0,,0,0,0,1,70400.0,178200.0,124300.0,5,0,0,0,0,0,0,0,0,0,0,0
c98d45285e0496a784920e588b9161fa848ed7b1,2024-07-06,2024-07,CX Cloud Consulting Technical Manager - Oracle Subscription Management Cloud,cx cloud consulting technical manager subscription management cloud,Consultant / Implementation,Oracle,1,"Montgomery, AL",Alabama,Not specified,0,Part-time (â‰¤ 32 hours),0,5.0,,1,0,0,0,88500.0,199500.0,144000.0,22,0,0,0,0,0,0,0,0,0,0,0
95091e456c36be030dada98f54492896e13e3071,2024-09-13,2024-09,Oracle Health Principal Consultant - Health Information Management,health principal consultant health information management,Consultant / Implementation,Oracle,1,"Baton Rouge, LA",Louisiana,Not specified,0,Part-time (â‰¤ 32 hours),0,8.0,,1,0,0,0,71200.0,158200.0,114700.0,15,0,0,0,0,0,0,0,0,0,0,0
a2b19e769f8115066f163ef2b0f23016e427d135,2024-08-07,2024-08,Implementation Specialist,implementation specialist,Consultant / Implementation,Erply,0,"Bonita Springs, FL",Florida,Not specified,0,Full-time (> 32 hours),1,3.0,,0,0,0,1,,,,14,0,0,0,0,0,0,0,0,0,0,0
0def144c14c2c982342073a3e4b78a7cd9473dd5,2024-07-15,2024-07,ERP Functional Test Lead,erp functional test lead,Consultant / Implementation,Scadea Solutions,0,"Dallas, TX",Texas,Not specified,0,Full-time (> 32 hours),1,10.0,,0,0,0,1,,,,8,0,0,0,0,0,0,0,0,0,0,0
7415af82fe8458b7ce5eaf7413181f8d8d844055,2024-09-19,2024-09,"Senior Analytics Engineer, GTM San Francisco, CA",senior analytics engineer gtm,Data / BI Analyst,Sigma Computing,0,"San Francisco, CA",California,Not specified,0,Full-time (> 32 hours),1,4.0,,0,0,0,1,,,,20,1,1,0,0,0,0,0,0,0,0,0
4b3a1a738f54c5c6b00e4f44f34cd90488efb696,2024-07-12,2024-07,Fusion SCM Cloud Support Analyst,fusion scm cloud support analyst,Other Business / Analyst,Oracle,1,"Orlando, FL",Florida,Not specified,0,Full-time (> 32 hours),1,7.0,,1,0,0,0,,,,46,1,0,0,0,0,0,0,0,0,0,0
75a899f60472fef24729a24c1c418f77ceba9985,2024-07-12,2024-07,"Senior Data Science Analyst, Customer Success Analytics & Operations",senior data science analyst customer success analytics operations,Data Scientist / ML,Klaviyo,0,"Denver, CO",Colorado,Not specified,0,Full-time (> 32 hours),1,5.0,,0,0,0,1,,,,48,1,1,1,0,0,0,1,0,0,0,0
701166e770026c56f503b1ce1f959790ca53e3a9,2024-07-12,2024-07,Expense Analyst,expense analyst,Other Business / Analyst,Salesforce,0,"Atlanta, GA",Georgia,Not specified,0,Full-time (> 32 hours),1,3.0,3.0,1,0,0,0,,,,22,0,0,0,0,0,0,0,0,0,0,0
5c2cfded66754392283cd7a91cd2e8f412c8ecda,2024-07-12,2024-07,SAP Functional Consultant (FICO),sap functional consultant fico,Consultant / Implementation,Mygo Consulting,0,"Naperville, IL",Illinois,Not specified,0,Full-time (> 32 hours),1,5.0,,1,1,0,0,,,,16,0,0,0,0,0,0,0,0,0,0,0
76258fbc89f3e5dec2a225e684e679b151f62bf0,2024-07-12,2024-07,SAP Basis Consultant (Pittsburgh),sap basis consultant,Consultant / Implementation,SAP,0,"Pittsburgh, PA",Pennsylvania,Not specified,0,Full-time (> 32 hours),1,3.0,,1,1,0,0,,,,25,0,0,0,0,0,0,0,1,1,1,0
0a6c000d46f23093e4ab9bfd3111b2c1b822bb28,2024-07-12,2024-07,Enterprise Cloud Solutions Architect- Financial Services,enterprise cloud solutions architect financial services,Architect / Engineer,Oracle,1,"Vienna, VA",Virginia,Hybrid Remote,0,Full-time (> 32 hours),1,,,0,0,0,1,120100.0,251600.0,185850.0,18,0,0,0,0,0,0,0,0,0,0,0
c415768baefe45ccb69e0366e5e3e624cad0c306,2024-05-26,2024-05,Immediate Need of SAP EWM Functional Consultant,immediate need of sap ewm functional consultant,Consultant / Implementation,Mygo Consulting,0,"Chicago, IL",Illinois,Not specified,0,Full-time (> 32 hours),1,,,0,0,0,1,,,,15,0,0,0,0,0,0,0,0,0,0,0
a15a80c8a78c927867ddd3e35c879a3658bb50c1,2024-05-26,2024-05,"Senior HCM Consultant, Medium Enterprise",senior hcm consultant medium enterprise,Consultant / Implementation,Workday,0,"Birmingham, AL",Alabama,Not specified,0,Full-time (> 32 hours),1,10.0,,0,0,0,1,116900.0,175400.0,146150.0,13,0,0,0,0,0,0,0,0,0,0,0
7673eee5a0dc7d51447917218eb667665bfc04cc,2024-05-30,2024-05,"Oracle Business Analyst - Boston, MA/Remote (Some travel required. Expenses paid by client)",oracle business analyst remote some travel required expenses paid by client,Other Business / Analyst,Scadea Solutions,0,"Boston, MA",Massachusetts,Remote,1,Full-time (> 32 hours),1,,,0,0,0,1,,,,14,0,0,0,0,0,0,0,0,0,0,0
41ebd05e3f228058dd3eebcac7c7219bb26f9232,2024-07-25,2024-07,Senior Oracle Fusion Architect,senior oracle fusion architect,Architect / Engineer,Atlassian,0,"San Francisco, CA",California,Remote,1,Full-time (> 32 hours),1,7.0,7.0,1,1,0,0,171400.0,228500.0,199950.0,55,0,0,0,0,0,1,0,0,0,0,0
2bf786fead1ea9d0872d098b21b6759e4d08a391,2024-07-25,2024-07,"Senior Analyst, Profile Data",senior analyst profile data,Other Business / Analyst,Workday,0,"Columbus, OH",Ohio,Not specified,0,Full-time (> 32 hours),1,3.0,,1,0,0,0,110000.0,125000.0,117500.0,18,1,1,1,1,0,0,0,0,0,0,0
ff37b7e1f37a8dcf2d9094856f6f81b245c21092,2024-08-05,2024-08,SAP MM/PP Consultant,sap mm pp consultant,Consultant / Implementation,Scadea Solutions,0,"Los Angeles, CA",California,Not specified,0,Full-time (> 32 hours),1,,,0,0,0,1,,,,21,0,0,0,0,0,0,1,0,0,0,0
d2ddde1f8714aead9e3f4936c36fb2e5f81ef55d,2024-08-21,2024-08,Oracle Technical Pre-Sales Consultant - Oracle Cloud HCM & ERP - Senior Sales Consultant - Remote,technical pre sales consultant cloud hcm erp senior sales consultant remote,Sales / Pre-Sales,Oracle,1,"Helena, MT",Montana,Remote,1,Part-time (â‰¤ 32 hours),0,10.0,,0,0,0,1,63003.0,159099.0,111051.0,46,1,0,0,0,0,1,0,0,0,0,0
6cbab3e8a5b26513e0ac31feaf4dede881d9bc52,2024-09-04,2024-09,Oracle SaaS SCM Techno-Functional Analyst (WMS),saas scm techno functional analyst wms,Consultant / Implementation,Oracle,1,"Bismarck, ND",North Dakota,Not specified,0,Part-time (â‰¤ 32 hours),0,8.0,8.0,1,0,0,0,78998.0,158205.0,118601.5,25,0,0,0,0,0,0,0,0,0,0,0
3afed6431a13c273f260467e82458030f1198e10,2024-09-25,2024-09,Senior Business Intelligence Analyst,senior business intelligence analyst,Data / BI Analyst,Mimecast,0,"Lexington, MA",Massachusetts,Not specified,0,Full-time (> 32 hours),1,3.0,3.0,1,0,0,0,,,,27,1,1,1,0,0,0,0,0,0,0,0
29a8ea69aec4e8cac6cf54468af51ee06ee2998e,2024-09-25,2024-09,Oracle Health Principal Consultant - Geriatrics and Extended Care,health principal consultant geriatrics and extended care,Consultant / Implementation,Oracle,1,"Boston, MA",Massachusetts,Not specified,0,Full-time (> 32 hours),1,8.0,,0,0,0,1,71200.0,158200.0,114700.0,12,0,0,0,0,0,0,0,0,0,0,0
6577545072249a4b7b6e4e27f5d8c9aba2f0b07f,2024-09-19,2024-09,Director of Implementation,director of implementation,Consultant / Implementation,Bluesnap,0,"Waltham, MA",Massachusetts,Hybrid Remote,0,Full-time (> 32 hours),1,5.0,,0,0,0,1,,,,16,0,0,0,0,0,0,0,0,0,0,0
4432a889e5c5532316d7cd1f258661c3b72663ff,2024-09-19,2024-09,Implementation Analyst,implementation analyst,Consultant / Implementation,Rldatix,0,"[Unknown City], MA",Massachusetts,Not specified,0,Full-time (> 32 hours),1,,,0,0,0,1,,,,9,0,0,0,0,0,0,0,0,0,0,0
a1d77ff971ea90c16084f3e7bbb6d8ade7952410,2024-09-19,2024-09,Implementation Analyst,implementation analyst,Consultant / Implementation,Rldatix,0,"[Unknown City], IL",Illinois,Not specified,0,Full-time (> 32 hours),1,,,0,0,0,1,,,,9,0,0,0,0,0,0,0,0,0,0,0
42e2ec253390db107b86dca3a101b11685f9a70f,2024-09-13,2024-09,Heroku Technical Architect,heroku technical architect,Architect / Engineer,Salesforce,0,"New York, NY",New York,Remote,1,Full-time (> 32 hours),1,,,0,0,0,1,,,,16,0,0,0,0,0,0,0,0,0,0,0
a711761afda673b58a220a62f0bfa78327a35206,2024-09-15,2024-09,Cloud Consulting Senior Practice Director - ERP Fusion Cloud Financials,cloud consulting senior practice director erp fusion cloud financials,Consultant / Implementation,Oracle,1,"Jackson, MS",Mississippi,Not specified,0,Part-time (â‰¤ 32 hours),0,,,0,0,0,1,154800.0,338600.0,246700.0,29,0,0,0,0,0,0,0,0,0,0,0
c6d84c7e9782ff696595f4e0db5be5b0b00611f4,2024-09-15,2024-09,Cloud Consulting Senior Practice Director - ERP Fusion Cloud Financials,cloud consulting senior practice director erp fusion cloud financials,Consultant / Implementation,Oracle,1,"Concord, NH",New Hampshire,Not specified,0,Part-time (â‰¤ 32 hours),0,,,0,0,0,1,154800.0,338600.0,246700.0,29,0,0,0,0,0,0,0,0,0,0,0
c018b7dd02b25a1a6a01c5e7ab9e34afe2fd584d,2024-09-14,2024-09,Senior Design Technologist - Design Systems,senior design technologist design systems,Other Business / Analyst,Electronic Arts,0,"Austin, TX",Texas,Not specified,0,Full-time (> 32 hours),1,5.0,,0,0,0,1,140700.0,204700.0,172700.0,24,0,0,0,0,0,0,0,0,0,0,0
4f7fd05f1fb9059d7ea1fb08ec32133f02006601,2024-08-24,2024-08,"ERP Industry Sales Executive - Hi Tech, West Coast",erp industry sales executive hi tech west coast,Sales / Pre-Sales,Oracle,1,"Washington, DC","Washington, D.C. (District of Columbia)",Remote,1,Full-time (> 32 hours),1,8.0,,1,0,0,0,,,,29,0,0,0,0,0,0,0,0,0,0,0
cad18031271d0adb1791e280000a49049956803e,2024-08-25,2024-08,"Senior Manager, Analyst Relations, Oracle NetSuite (REMOTE)",senior manager analyst relations netsuite remote,Other Business / Analyst,Oracle,1,"Salt Lake City, UT",Utah,Remote,1,Part-time (â‰¤ 32 hours),0,7.0,,0,0,0,1,97400.0,199500.0,148450.0,19,0,0,0,0,0,0,0,0,0,0,0
2e7649093bed0a6c2868301e65c11cf39e5e98cb,2024-09-27,2024-09,Enterprise Data & Analytics Product Owner,enterprise data analytics product owner,Data / BI Analyst,Amplitude,0,"[Unknown City], CA",California,Not specified,0,Full-time (> 32 hours),1,5.0,,0,0,0,1,140000.0,210000.0,175000.0,45,1,0,1,0,0,0,0,0,0,0,0
07fa963a60728701c8c752c56cf956f945e11060,2024-05-11,2024-05,Data Analyst,data analyst,Data / BI Analyst,Microsoft,0,"Atlanta, GA",Georgia,Not specified,0,Full-time (> 32 hours),1,2.0,,1,1,0,0,80900.0,162200.0,121550.0,32,0,0,0,0,1,0,0,0,0,0,0
47f1b0c7258b741e24f8a2eea438ed56cd508278,2024-06-04,2024-06,"Oracle Functional Payroll w/Financial (Hybrid, W2 Contract)",oracle functional payroll w financial hybrid w,Consultant / Implementation,Techouts,0,"San Antonio, TX",Texas,Not specified,0,Full-time (> 32 hours),1,,,0,0,0,1,,,,2,0,0,0,0,0,0,0,0,0,0,0
939bd248fe83671d2bfddbd383489da36a5ac506,2024-06-04,2024-06,"SAP IBP DP/DS/IO _Supply Chain Planning consultant-based at Plano,TX,Chicago,Purchase, NY, Mexico City, or Monterrey, Mexico",sap ibp dp ds io supply chain planning consultant based at plano tx purchase ny mexico city or monterrey mexico,Consultant / Implementation,Scadea Solutions,0,"Chicago, IL",Illinois,Not specified,0,Full-time (> 32 hours),1,5.0,,0,0,0,1,,,,12,0,0,0,0,0,0,0,0,0,0,0
067b1cc16c1d402c32b57c0b0f69330cc733af7d,2024-08-13,2024-08,SAP HR Payroll/Time Functional Consultant,sap hr payroll time functional consultant,Consultant / Implementation,Scadea Solutions,0,"Lawrenceville, GA",Georgia,Not specified,0,Full-time (> 32 hours),1,10.0,,0,0,0,1,,,,37,0,0,0,0,0,0,0,0,0,0,0
84076715bf4d55ad2fa4203d3298ec761bdf166d,2024-08-16,2024-08,CX Cloud Consulting Technical Manager - Oracle Subscription Management Cloud,cx cloud consulting technical manager subscription management cloud,Consultant / Implementation,Oracle,1,"Tallahassee, FL",Florida,Not specified,0,Full-time (> 32 hours),1,5.0,,1,0,0,0,88500.0,199500.0,144000.0,22,0,0,0,0,0,0,0,0,0,0,0
ae961bd21b7adb77cbcb7f92e6af52dc4c9a64bc,2024-08-08,2024-08,Data Analyst,data analyst,Data / BI Analyst,Lucid Software,0,"Raleigh, NC",North Carolina,Not specified,0,Full-time (> 32 hours),1,,,1,0,0,0,,,,22,1,0,0,0,1,0,0,0,0,0,0
4edb5ad44e6c61d8580f537dfcfa4a222551bb22,2024-06-28,2024-06,Sr. Data Analyst,sr data analyst,Data / BI Analyst,NortonLifeLock,0,"Tempe, AZ",Arizona,Not specified,0,Full-time (> 32 hours),1,5.0,,1,0,0,0,,,,20,1,1,0,1,0,0,0,0,0,0,0
e68f22348e47d1c229395a14402a24220ad41b35,2024-06-28,2024-06,Business Intelligence Analyst (Remote),business intelligence analyst remote,Data / BI Analyst,Peddle,0,"Austin, TX",Texas,Remote,1,Full-time (> 32 hours),1,5.0,,0,0,0,1,,,,17,1,1,1,0,0,0,1,0,0,0,0
1a1738d2936bbcf862b0002f9c7999c430e36d0c,2024-06-11,2024-06,"Senior HCM Consultant, Medium Enterprise",senior hcm consultant medium enterprise,Consultant / Implementation,Workday,0,"Atlanta, GA",Georgia,Remote,1,Full-time (> 32 hours),1,10.0,,1,0,0,0,,,,14,0,0,0,0,0,0,0,0,0,0,0
43249ee37cc6c95afd20c21240eb8f4b5a855c4b,2024-08-18,2024-08,Senior Data Analyst,senior data analyst,Data / BI Analyst,Vetcove,0,"[Unknown City], FL",Florida,Remote,1,Full-time (> 32 hours),1,3.0,,0,0,0,1,,,,17,0,1,1,0,0,0,0,0,0,0,0
987b5d5d3c7e9317e8fa341dbc42185ec1735e77,2024-07-03,2024-07,Senior Consultant- Oracle Global Trade Mgmt (GTM) and Transportation Mgmt (OTM),senior consultant global trade mgmt gtm and transportation mgmt otm,Consultant / Implementation,Oracle,1,"Santa Fe, NM",New Mexico,Not specified,0,Part-time (â‰¤ 32 hours),0,5.0,,1,0,0,0,86900.0,178200.0,132550.0,19,0,0,0,0,0,0,0,0,0,0,0
451e32dc83b4c72345947408e79860473090a70d,2024-07-03,2024-07,CX Cloud Consulting Technical Manager - Oracle Subscription Management Cloud,cx cloud consulting technical manager subscription management cloud,Consultant / Implementation,Oracle,1,"Topeka, KS",Kansas,Not specified,0,Full-time (> 32 hours),1,8.0,8.0,1,0,0,0,,,,24,0,0,0,0,0,0,0,0,0,0,0
4cbab978f0e7c5b8182b5df68cfaa8e1a9a0a669,2024-09-17,2024-09,Implementation Analyst,implementation analyst,Consultant / Implementation,Rldatix,0,"Boston, MA",Massachusetts,Remote,1,Full-time (> 32 hours),1,,,0,0,0,1,70000.0,80000.0,75000.0,10,0,0,0,0,0,0,0,0,0,0,0
7896e71a09811a0e76ee3e03c642d24f65a48c17,2024-06-29,2024-06,SAP Enterprise Architect (BTS) -- Midwest Market Unit,sap enterprise architect bts midwest market unit,Architect / Engineer,SAP,0,"Boulder, CO",Colorado,Not specified,0,Full-time (> 32 hours),1,7.0,,0,1,0,0,,,,25,0,0,0,0,0,0,0,0,0,0,0
bb19824d1fefdf15563d6b676a9f68eb16aec8f1,2024-06-29,2024-06,"Associate Architect, Data Analytics (AEP/AJO)",associate architect data analytics aep ajo,Data / BI Analyst,First Databank (Fdb),0,"Chicago, IL",Illinois,Not specified,0,Full-time (> 32 hours),1,,,1,1,0,0,126000.0,157000.0,141500.0,34,0,1,0,0,0,1,0,0,0,0,0
c2dcbf010cc8b71acef45f4264a4aab36e87ab40,2024-06-29,2024-06,Oracle Architect V,architect v,Architect / Engineer,Oracle,1,"Lansing, MI",Michigan,Not specified,0,Full-time (> 32 hours),1,10.0,,0,0,0,1,121805.0,199493.0,160649.0,28,0,0,0,0,0,0,0,0,0,0,0
557307274676ac607d45481e82436ae9d17c87aa,2024-08-14,2024-08,Global Chief Enterprise Architect,global chief enterprise architect,Architect / Engineer,SAP,0,"Atlanta, GA",Georgia,Not specified,0,Full-time (> 32 hours),1,15.0,,0,0,0,1,,,,22,0,0,0,0,0,0,0,0,0,0,0
a439cc2a7e200366c0cd91127d78ffd4c8943897,2024-06-24,2024-06,Cloud Consulting Senior Practice Director - ERP Fusion Cloud Financials,cloud consulting senior practice director erp fusion cloud financials,Consultant / Implementation,Oracle,1,"Springfield, IL",Illinois,Not specified,0,Full-time (> 32 hours),1,,,0,0,0,1,154800.0,338600.0,246700.0,28,0,0,0,0,0,0,0,0,0,0,0
3837ca65a7320b35257776501f2ba4b115a08e66,2024-09-07,2024-09,Lead SaaS Techno-Functional Analyst (EPM),lead saas techno functional analyst epm,Consultant / Implementation,Oracle,1,"Cheyenne, WY",Wyoming,Not specified,0,Part-time (â‰¤ 32 hours),0,,,1,0,0,0,93496.0,199493.0,146494.5,11,0,0,0,0,0,0,0,0,0,0,0
b70c7170cee3f9e17b9dde4fa28e78c7438f4117,2024-09-04,2024-09,Oracle (FAH) Functional Consultant- Finance Accounting Hub,fah functional consultant finance accounting hub,Consultant / Implementation,Oracle,1,"Dover, DE",Delaware,Not specified,0,Part-time (â‰¤ 32 hours),0,,,1,0,0,0,88500.0,199500.0,144000.0,14,0,0,0,0,0,0,0,0,0,0,0
2b400969cff38bd1d14dbf51bc7f0f5739370f45,2024-09-04,2024-09,Oracle Health Consulting - Engagement Mgmt - Manager (M2),health consulting engagement mgmt manager m,Consultant / Implementation,Oracle,1,"Phoenix, AZ",Arizona,Not specified,0,Part-time (â‰¤ 32 hours),0,6.0,6.0,1,0,0,0,77600.0,178200.0,127900.0,13,0,0,0,0,0,0,0,0,0,0,0
bfa562651225fcf44dae1dbb1c7bf5d6ada4798c,2024-09-04,2024-09,Oracle Health Staff Sales Consultant,health staff sales consultant,Sales / Pre-Sales,Oracle,1,"Boston, MA",Massachusetts,Not specified,0,Full-time (> 32 hours),1,3.0,3.0,0,0,0,1,66206.0,126110.0,96158.0,10,0,0,0,0,0,0,0,0,0,0,0
51616a0b53b1881aa7b9f561d2713fffef1a475a,2024-09-16,2024-09,AI Data Trainer - Mathematics Specialist,ai data trainer mathematics specialist,AI Data Trainer,Outlier Ai,0,"Nashville, TN",Tennessee,Not specified,0,Full-time (> 32 hours),1,,,1,0,0,0,62400.0,104000.0,83200.0,5,0,0,0,0,0,0,0,0,0,0,0
2a25d34cf3f7a1ae4f8095435af3841caf3e2b77,2024-09-16,2024-09,AI Data Trainer - Mathematics Specialist,ai data trainer mathematics specialist,AI Data Trainer,Outlier Ai,0,"[Unknown City], AZ",Arizona,Not specified,0,Full-time (> 32 hours),1,,,1,0,0,0,62400.0,104000.0,83200.0,5,0,0,0,0,0,0,0,0,0,0,0
9806824522676f6e57d1b45cbd602f02f4cd00d2,2024-06-17,2024-06,Service Data Analyst,service data analyst,Data / BI Analyst,Scadea Solutions,0,"Nashville, TN",Tennessee,Not specified,0,Full-time (> 32 hours),1,3.0,,1,0,0,0,,,,26,1,0,1,1,0,0,0,0,0,0,0
dfd5aad534e8f8eb75214b2c024ec90eca8f2a16,2024-06-18,2024-06,NetSuite Planning and Budgeting (NSPB) Functional Consultant - Principal Consultant,netsuite planning and budgeting nspb functional consultant principal consultant,Consultant / Implementation,Oracle,1,"Charleston, SC",South Carolina,Not specified,0,Full-time (> 32 hours),1,5.0,5.0,1,0,0,0,66700.0,145000.0,105850.0,26,0,0,0,0,0,0,0,0,0,0,0
35246b89387e257870f83f16a74db7099cef6939,2024-05-22,2024-05,Associate Business Intelligence Analyst,associate business intelligence analyst,Data / BI Analyst,Autodesk,0,"San Francisco, CA",California,Not specified,0,Full-time (> 32 hours),1,,,0,0,0,1,70800.0,122100.0,96450.0,42,1,1,1,1,0,0,1,0,0,0,0
0a5982cf5104413bc1981a690839ca72882835c7,2024-05-22,2024-05,"Software Architect, Enterprise Systems",software architect enterprise systems,Architect / Engineer,Autodesk,0,"San Francisco, CA",California,Remote,1,Full-time (> 32 hours),1,12.0,,0,0,0,1,159100.0,257400.0,208250.0,31,0,0,0,0,0,0,0,0,0,0,0
555e52ccce3323d6f530affe93c91e7ee007dcc2,2024-09-25,2024-09,Oracle Health Principal Consultant - Inpatient Nursing,health principal consultant inpatient nursing,Consultant / Implementation,Oracle,1,"Boston, MA",Massachusetts,Not specified,0,Full-time (> 32 hours),1,8.0,,0,0,0,1,71200.0,158200.0,114700.0,12,0,0,0,0,0,0,0,0,0,0,0
6834bcf9b844e798ff6bde8ef5c4f8f63e77f046,2024-09-25,2024-09,Oracle Health Principal Consultant - Community Living Centers (CLC),health principal consultant community living centers clc,Consultant / Implementation,Oracle,1,"Springfield, IL",Illinois,Not specified,0,Full-time (> 32 hours),1,8.0,,0,0,0,1,71200.0,158200.0,114700.0,11,0,0,0,0,0,0,0,0,0,0,0
769d56fc7b74bea65668aefb6f421801c2b4a466,2024-09-12,2024-09,"Senior Finance Analyst, Private Cloud Deals Oracle Cloud Infrastructure",senior finance analyst private cloud deals cloud infrastructure,Other Business / Analyst,Oracle,1,"Boston, MA",Massachusetts,Not specified,0,Full-time (> 32 hours),1,5.0,,1,1,0,0,70600.0,141300.0,105950.0,27,0,0,0,0,0,0,0,0,0,0,0
cc155c095394d9f6fb7a12d035ff48d8a6d33e6c,2024-09-26,2024-09,Data Analyst,data analyst,Data / BI Analyst,Coinflip,0,"Chicago, IL",Illinois,Not specified,0,Full-time (> 32 hours),1,1.0,1.0,1,0,0,0,,,,35,1,1,1,0,0,0,0,0,0,0,0
426a22cef53ff82bf062cf4a1cb91ca3011f3577,2024-09-27,2024-09,Director Global Category Management,director global category management,Other Business / Analyst,Microsoft,0,"Redmond, WA",Washington,Hybrid Remote,0,Full-time (> 32 hours),1,11.0,,1,1,0,0,129200.0,299400.0,214300.0,31,0,0,0,0,0,0,0,0,0,0,0
20d8f5119bd95ec8d687ebedfeb24fefc1f6305e,2024-05-15,2024-05,SAP OTC Logistics Consultant,sap otc logistics consultant,Consultant / Implementation,Scadea Solutions,0,"Santa Clara, CA",California,Not specified,0,Full-time (> 32 hours),1,7.0,,0,0,0,1,,,,12,0,0,0,0,0,0,0,0,0,0,0
37989a4848e4e8a03518767b643acbb5d75fc27a,2024-06-01,2024-06,Head of Architecture,head of architecture,Architect / Engineer,Intapp,0,"Palo Alto, CA",California,Not specified,0,Full-time (> 32 hours),1,10.0,,0,1,0,0,,,,55,0,0,0,0,0,0,0,1,0,0,1
0c541322a27745317bab6abc02d4b00ce1c09497,2024-05-07,2024-05,Systems Architect(With Healthcare Insurance Experience),systems architect with healthcare insurance experience,Architect / Engineer,Global Bridge Infotech,0,"Washington, DC","Washington, D.C. (District of Columbia)",Not specified,0,Full-time (> 32 hours),1,7.0,,1,0,0,0,,,,16,0,0,0,0,0,0,0,0,0,0,0
7da52e7a33cbcb2a471b9332fba780d98e6d4e3a,2024-05-07,2024-05,ERP COMPUTER SYSTEMS ANALYST,erp computer systems analyst,Other Business / Analyst,Global Shop Solutions,0,"Spring, TX",Texas,Not specified,0,Full-time (> 32 hours),1,,,1,0,0,0,,,,13,0,0,0,0,0,0,0,0,0,0,0
bc959ae374f1570b9003c26b08db9ccd92d1806c,2024-05-24,2024-05,Business Intelligence Analyst,business intelligence analyst,Data / BI Analyst,Microsoft,0,"Atlanta, GA",Georgia,Not specified,0,Full-time (> 32 hours),1,2.0,,1,1,1,0,127200.0,208800.0,168000.0,32,0,0,0,1,1,0,0,0,0,0,0
a96ef83a3afdfe2195daa3999e805b9e18b8c1e7,2024-05-29,2024-05,Implementation Sr. Consultant,implementation sr consultant,Consultant / Implementation,Billingplatform,0,"Anchorage, AK",Alaska,Not specified,0,Full-time (> 32 hours),1,,,0,0,0,1,86000.0,122000.0,104000.0,13,0,0,0,0,0,0,0,0,0,0,0
a41ba83dab1ec6f47d7887eb93bb84b20e2c1443,2024-08-05,2024-08,Corporate Systems Architect,corporate systems architect,Architect / Engineer,Tanium,0,"Emeryville, CA",California,Not specified,0,Full-time (> 32 hours),1,8.0,,1,0,0,0,110000.0,325000.0,217500.0,53,0,0,0,0,0,0,0,0,0,0,0
db96da2c372e3f1d31bbfb09b79f177342e654e7,2024-09-04,2024-09,Business Operations Associate,business operations associate,Other Business / Analyst,Oceanx,0,"New York, NY",New York,Hybrid Remote,0,Full-time (> 32 hours),1,3.0,3.0,0,0,0,1,85000.0,120000.0,102500.0,23,1,0,0,0,0,0,0,0,0,0,0
0a78de4d8e3d09af32168f780e21fcebf8382f47,2024-07-30,2024-07,SAP SD/LE Consultant,sap sd le consultant,Consultant / Implementation,Aanseacore,0,"Boise, ID",Idaho,Remote,1,Full-time (> 32 hours),1,5.0,,1,0,0,0,114400.0,124800.0,119600.0,17,0,0,0,0,0,0,0,0,0,0,0
495055c4104f26e42d87462bcfdad6651847ac44,2024-09-05,2024-09,Oracle Cerner Inpatient PharmNet Advisory Consultant,oracle cerner inpatient pharmnet advisory consultant,Consultant / Implementation,Healthcare It Leaders,0,"Terre Haute, IN",Indiana,Hybrid Remote,0,Full-time (> 32 hours),1,,,0,0,0,1,,,,6,0,0,0,0,0,0,0,0,0,0,0
e12afebd501048955806c16f1dae00f6879d09ef,2024-08-20,2024-08,Oracle Health Senior Consultant,health senior consultant,Consultant / Implementation,Oracle,1,"Jackson, MS",Mississippi,Not specified,0,Part-time (â‰¤ 32 hours),0,,,0,0,0,1,51709.0,126110.0,88909.5,4,0,0,0,0,0,0,0,0,0,0,0
bc9208d9dc8a9558d5e70935d95b840045fc848c,2024-09-14,2024-09,"Full Time - Senior Manager Oracle Apps --New York, Massachusetts, Connecticut",senior manager oracle apps new york massachusetts connecticut,Other Business / Analyst,Sumeru,0,"Hartford, CT",Connecticut,Remote,1,Full-time (> 32 hours),1,,,0,0,0,1,170000.0,170000.0,170000.0,7,0,0,0,0,0,0,0,0,0,0,0
ae1b0f4fc51e83b335afa51acb5674cb418edd25,2024-07-23,2024-07,"Oracle Health Delivery Consultant I - Winona, MN",health delivery consultant i,Consultant / Implementation,Oracle,1,"Winona, MN",Minnesota,Not specified,0,Full-time (> 32 hours),1,1.0,,1,0,0,0,,,,16,0,0,0,0,0,0,0,0,0,0,0
b13242b9c3e938577d5385c6623f36d0be679d18,2024-08-10,2024-08,Enterprise Cloud Architect,enterprise cloud architect,Architect / Engineer,Oracle,1,"Springfield, IL",Illinois,Not specified,0,Full-time (> 32 hours),1,10.0,,1,1,0,0,113000.0,185200.0,149100.0,44,0,0,0,0,0,0,0,1,1,1,0
4340a43a948dc5b43fb4923f5dced787d2f67961,2024-08-10,2024-08,Senior Consultant- Oracle Order Management and Pricing,senior consultant order management and pricing,Consultant / Implementation,Oracle,1,"Atlanta, GA",Georgia,Not specified,0,Full-time (> 32 hours),1,5.0,,1,0,0,0,86900.0,178200.0,132550.0,19,0,0,0,0,0,0,0,0,0,0,0
a31b638c320225c57372bade51f2a2aa3b7ff41f,2024-09-19,2024-09,Implementation Analyst,implementation analyst,Consultant / Implementation,Rldatix,0,"[Unknown City], IN",Indiana,Not specified,0,Full-time (> 32 hours),1,,,0,0,0,1,,,,9,0,0,0,0,0,0,0,0,0,0,0
b4b7180e24c203f9763805f6974e28fb882617c5,2024-09-18,2024-09,Oracle Fusion SaaS Technical Analyst,fusion saas technical analyst,Other Business / Analyst,Oracle,1,"Baton Rouge, LA",Louisiana,Remote,1,Part-time (â‰¤ 32 hours),0,,,0,0,0,1,69992.0,141294.0,105643.0,42,0,1,0,0,0,0,0,0,0,0,0
1de23bdcdfde46dcfdf9a2b0fe8997f8cded47a6,2024-09-06,2024-09,Lead SaaS Techno-Functional Analyst (SCM),lead saas techno functional analyst scm,Consultant / Implementation,Oracle,1,"Springfield, IL",Illinois,Not specified,0,Full-time (> 32 hours),1,,,1,0,0,0,93496.0,199493.0,146494.5,11,0,0,0,0,0,0,0,0,0,0,0
aa103c6e7d0956432756605d858309d2e22e6a34,2024-09-13,2024-09,Oracle Health Senior Organizational Change Consultant,health senior organizational change consultant,Consultant / Implementation,Oracle,1,"Boston, MA",Massachusetts,Not specified,0,Full-time (> 32 hours),1,6.0,,1,0,0,0,71200.0,158200.0,114700.0,19,0,0,0,0,0,0,0,0,0,0,0
f0a5caf876722c085f493c195ce9681cf01f364e,2024-07-24,2024-07,Frac Data Analyst,frac data analyst,Data / BI Analyst,Rippling,0,"Houston, TX",Texas,Not specified,0,Full-time (> 32 hours),1,,,0,0,0,1,,,,10,0,0,0,0,0,0,0,0,0,0,0
4f898e3dc6b8b2aeb05bbc698e376c5ab80bbd21,2024-08-19,2024-08,Data Analyst,data analyst,Data / BI Analyst,Design Works Studios,0,"Scottsdale, AZ",Arizona,Not specified,0,Full-time (> 32 hours),1,,,1,0,0,0,,,,28,1,1,0,1,1,0,0,1,0,0,0
9e0b3907d6ca8ccd0aa0067fceaf85963d664d80,2024-06-27,2024-06,"Enterprise Architect, Americas CTO Office",enterprise architect americas cto office,Architect / Engineer,Microsoft,0,"Redmond, WA",Washington,Not specified,0,Full-time (> 32 hours),1,6.0,,1,0,0,0,137600.0,267000.0,202300.0,36,0,0,0,0,0,0,0,1,1,1,0
53bb37d3b1fa68ed2325bd00d8d97c626137c6f2,2024-09-04,2024-09,Oracle Health Consulting - Engagement Mgmt - Manager (M2),health consulting engagement mgmt manager m,Consultant / Implementation,Oracle,1,"Columbus, OH",Ohio,Not specified,0,Part-time (â‰¤ 32 hours),0,6.0,6.0,1,0,0,0,77600.0,178200.0,127900.0,13,0,0,0,0,0,0,0,0,0,0,0
d972d87c80b39553beec6bfa586314b3a6acb473,2024-09-01,2024-09,Data Analyst,data analyst,Data / BI Analyst,Vetcove,0,"[Unknown City], FL",Florida,Remote,1,Full-time (> 32 hours),1,,,0,0,0,1,,,,19,0,1,1,0,0,0,0,0,0,0,0
35265000dc765bd66019ced45cf0c91f1cfe5295,2024-08-18,2024-08,Senior Principal Consultant - Manufacturing - NetSuite ACS,senior principal consultant manufacturing netsuite acs,Consultant / Implementation,Oracle,1,"Austin, TX",Texas,Not specified,0,Full-time (> 32 hours),1,6.0,6.0,1,0,0,0,76700.0,167000.0,121850.0,30,0,0,0,0,0,0,0,0,0,0,0
66d1478c9f239ff3a9258c7e20e9dd43904a2e6f,2024-06-14,2024-06,Data Analyst I,data analyst i,Data / BI Analyst,Yardi Systems,0,"Austin, TX",Texas,Not specified,0,Full-time (> 32 hours),1,2.0,,1,0,0,0,,,,28,1,0,1,0,1,0,1,0,0,0,0
2df2fc4124fcc4585bcbb00e6d097f03168a3c3f,2024-06-14,2024-06,NetSuite ERP Functional Consultant - NetSuite - ACS,netsuite erp functional consultant netsuite acs,Consultant / Implementation,Oracle,1,"Springfield, IL",Illinois,Not specified,0,Full-time (> 32 hours),1,5.0,5.0,1,0,0,0,66700.0,145000.0,105850.0,42,0,0,0,0,0,0,0,0,0,0,0
963c665d115bfaa1acdc8e6a5fa036dda7269127,2024-09-26,2024-09,Oracle Fusion Financials Functional Consultant- Public Sector,fusion financials functional consultant public sector,Consultant / Implementation,Oracle,1,"Springfield, IL",Illinois,Not specified,0,Full-time (> 32 hours),1,7.0,,1,0,0,0,86900.0,178200.0,132550.0,23,0,0,0,0,0,0,0,0,0,0,0
7321a080a78466016019d17b34f61091f84f8256,2024-05-22,2024-05,Data Analyst,data analyst,Data / BI Analyst,Take-Two Interactive Software,0,"New York, NY",New York,Not specified,0,Full-time (> 32 hours),1,1.0,1.0,1,0,0,0,69900.0,103440.0,86670.0,32,1,1,1,0,0,0,0,0,0,0,0
162b52ea3d0830117a9bd881614fe70c31efa76b,2024-06-17,2024-06,Solution Consultant - HCM - Diversified Industries,solution consultant hcm diversified industries,Consultant / Implementation,Workday,0,"Pleasanton, CA",California,Not specified,0,Full-time (> 32 hours),1,3.0,,1,0,0,0,103600.0,155400.0,129500.0,6,0,0,0,0,0,0,0,0,0,0,0
ed4f7a1ca1ad5f0fa78dfa99044e9c55979109a0,2024-06-06,2024-06,"Analytics Data Engineer, Core",analytics data engineer core,Data / BI Analyst,Epic Games,0,"Cary, NC",North Carolina,Not specified,0,Full-time (> 32 hours),1,,,0,0,0,1,,,,17,1,1,0,0,0,0,0,0,0,0,0
7b559d15266e09427b984b87e0fd81517617816f,2024-05-31,2024-05,Sr Consultant- Oracle Order Management and Pricing,sr consultant order management and pricing,Consultant / Implementation,Oracle,1,"Springfield, IL",Illinois,Not specified,0,Full-time (> 32 hours),1,5.0,,1,0,0,0,86900.0,178200.0,132550.0,19,0,0,0,0,0,0,0,0,0,0,0
c51b3e3b07a4f0dbf9f165fc9d5182e42c702020,2024-05-16,2024-05,Oracle SCM Cloud Applications Solution Advisor,scm cloud applications solution advisor,Other Business / Analyst,Oracle,1,"Helena, MT",Montana,Not specified,0,Full-time (> 32 hours),1,,,0,0,0,1,120100.0,500000.0,310050.0,32,0,0,0,0,0,0,0,0,0,0,0
f43c4faf15b7fafb2800ba976dda95d1d290148d,2024-09-27,2024-09,Application Infrastructure Support Analyst-Oracle Cloud Infrastructure,application infrastructure support analyst oracle cloud infrastructure,Other Business / Analyst,Virtue Corporate Group,0,"Philadelphia, PA",Pennsylvania,Not specified,0,Full-time (> 32 hours),1,5.0,,1,0,0,0,,,,27,0,0,0,0,0,0,0,0,0,0,0
6c56af725abfdccf915aa0f9fc12cdd7704772c5,2024-05-11,2024-05,"Senior HCM Consultant, Medium Enterprise",senior hcm consultant medium enterprise,Consultant / Implementation,Workday,0,"Denver, CO",Colorado,Not specified,0,Full-time (> 32 hours),1,10.0,,1,0,0,0,116900.0,175400.0,146150.0,14,0,0,0,0,0,0,0,0,0,0,0
4ce901dd9f90d519d1b89b70bf1c3ade9c80ea4b,2024-05-11,2024-05,Data Analytics Analyst - Marketing Performance,data analytics analyst marketing performance,Data / BI Analyst,Salesforce,0,"San Francisco, CA",California,Not specified,0,Full-time (> 32 hours),1,2.0,,1,0,0,0,84300.0,116000.0,100150.0,40,1,0,1,0,0,0,1,0,0,0,0
479f15fb22ba748ce1b3bd2001fa7f19e7d8b119,2024-05-11,2024-05,Senior Enterprise Architect - Healthcare,senior enterprise architect healthcare,Architect / Engineer,Workday,0,"Seattle, WA",Washington,Not specified,0,Full-time (> 32 hours),1,1.0,,1,1,0,0,138500.0,208000.0,173250.0,18,0,0,0,0,0,0,0,0,0,0,0
6c8ceb28d51924520224fbe9b1f19d36088af3f9,2024-05-13,2024-05,Sr. Principal Consultant - Manufacturing - NetSuite ACS,sr principal consultant manufacturing netsuite acs,Consultant / Implementation,Oracle,1,"Helena, MT",Montana,Not specified,0,Full-time (> 32 hours),1,6.0,6.0,1,0,0,0,,,,13,0,0,0,0,0,0,0,0,0,0,0
14de5b5de549075949e93c1e927472264bda97b3,2024-07-18,2024-07,Lead Business Intelligence Analyst,lead business intelligence analyst,Data / BI Analyst,Autodesk,0,"Boston, MA",Massachusetts,Not specified,0,Full-time (> 32 hours),1,,,1,0,0,0,,,,35,1,1,0,1,1,0,1,0,0,0,0
4c4d2f59cdc8916c7846175f0fceb3eb848944a0,2024-07-18,2024-07,HRIS Associate,hris associate,Other Business / Analyst,Workday,0,"Los Angeles, CA",California,Not specified,0,Full-time (> 32 hours),1,3.0,,0,0,0,0,68640.0,72800.0,70720.0,15,0,0,0,0,0,0,0,0,0,0,0
ab6c3286a6af8c8f9de48996f145f70ed27b0f53,2024-07-18,2024-07,Heroku Senior Technical Architect,heroku senior technical architect,Architect / Engineer,Salesforce,0,"[Unknown City], CA",California,Not specified,0,Full-time (> 32 hours),1,8.0,,0,1,0,0,,,,44,0,1,0,0,0,0,0,0,0,0,0
b38f87ac88c17d5cfd3ecf61af43b828fb9e1036,2024-07-18,2024-07,Heroku Senior Technical Architect,heroku senior technical architect,Architect / Engineer,Salesforce,0,"Atlanta, GA",Georgia,Not specified,0,Full-time (> 32 hours),1,8.0,,0,1,0,0,157900.0,217200.0,187550.0,42,0,1,0,0,0,0,0,0,0,0,0
8ce909f05b89888200b197ebc7b4f2310b294d00,2024-09-19,2024-09,HCM Payroll Consultant,hcm payroll consultant,Consultant / Implementation,SAP,0,"Allen, TX",Texas,Not specified,0,Full-time (> 32 hours),1,3.0,,1,1,0,0,,,,18,0,0,0,0,0,0,0,0,0,0,0
13ed25b1011bcc2f9e162c939a2f499a632e0795,2024-09-19,2024-09,Data Analyst at Stars,data analyst at stars,Data / BI Analyst,The Gospel Coalition,0,"Fort Lee, VA",Virginia,Hybrid Remote,0,Full-time (> 32 hours),1,,,1,0,0,0,,,,26,0,1,0,0,1,0,0,0,0,0,0
50ce801154c5e622313338ac5f30a7c88906cb29,2024-07-17,2024-07,Physician Enterprise - Consultant,physician enterprise consultant,Consultant / Implementation,Kaufman Hall & Associates,0,"Chicago, IL",Illinois,Remote,1,Full-time (> 32 hours),1,,,1,1,0,0,,,,36,0,0,0,0,0,0,1,0,0,0,0
3d8a3d4019a0dbe4bd49077ec4af244d03b8fad5,2024-07-17,2024-07,"Jr.SAP ABAP Consultant_Mon-Thurs 4 days onsite at Juno Beach,FL_Expense Paid",jr sap abap consultant mon thurs days onsite at expense paid,Consultant / Implementation,Scadea Solutions,0,"Juno Beach, FL",Florida,Not specified,0,Full-time (> 32 hours),1,8.0,,0,0,0,1,,,,24,0,0,0,0,0,0,0,0,0,0,0
56e0423fe76981ce46c6fd6e4f98053af3de1780,2024-07-09,2024-07,"Cyber Data Analytics, TS/SCI (Virginia)",cyber data analytics ts sci virginia,Data / BI Analyst,GuidePoint Security,0,"Springfield, VA",Virginia,Remote,1,Full-time (> 32 hours),1,,,0,0,0,1,,,,33,0,0,0,0,0,0,0,0,0,0,0
0ec24789b08b153b7ae1653a6c4e992814dcc5b4,2024-07-24,2024-07,S/4 HANA Finance Expert_Expense Paid_hybrid opportunity- East Coast NYC,s hana finance expert expense paid hybrid opportunity east coast nyc,Other Business / Analyst,Scadea Solutions,0,"New York, NY",New York,Hybrid Remote,0,Full-time (> 32 hours),1,,,0,0,0,1,,,,4,0,0,0,0,0,0,0,0,0,0,0
b26c2bf75146e1d3a939a53ff01eca99711c6233,2024-08-15,2024-08,"F&S Senior Analyst, Corp FP&A - Data & Reporting",f s senior analyst corp fp a data reporting,Other Business / Analyst,Block,0,"[Unknown City], NY",New York,Remote,1,Full-time (> 32 hours),1,3.0,,1,0,0,0,,,,27,1,0,1,0,0,0,0,0,0,0,0
da02a63f4f1fc4eb66595e2e28d74514062fd0f2,2024-08-20,2024-08,CX Cloud Consulting Technical Manager - Oracle Subscription Management Cloud,cx cloud consulting technical manager subscription management cloud,Consultant / Implementation,Oracle,1,"Jackson, MS",Mississippi,Not specified,0,Part-time (â‰¤ 32 hours),0,5.0,,1,0,0,0,88500.0,199500.0,144000.0,22,0,0,0,0,0,0,0,0,0,0,0
2abc3180a04c2a60040b1fff70222bbe61e39e0e,2024-08-20,2024-08,Oracle Process Manufacturing (OPM) Techno-Functional Analyst,process manufacturing opm techno functional analyst,Consultant / Implementation,Oracle,1,"Boston, MA",Massachusetts,Not specified,0,Full-time (> 32 hours),1,7.0,,0,0,0,1,78998.0,158205.0,118601.5,15,1,0,0,0,0,0,0,0,0,0,0
46759d3515c06b977bb11f24b2f2f90da1542b29,2024-07-17,2024-07,SAP Senior Technical Consultant - Data & Technology Services (DTS),nior technical consultant data technology services dts,Consultant / Implementation,SAP,0,"Atlanta, GA",Georgia,Not specified,0,Full-time (> 32 hours),1,10.0,,1,0,0,0,,,,20,0,0,0,0,0,1,0,0,0,0,0
411fb5cdab083cccfecebd8238a13d14c59c715d,2024-08-02,2024-08,"Data Modeller | Minneapolis, MN | Contract",data modeller contract,Other Business / Analyst,Securekloud Technologies,0,"Minneapolis, MN",Minnesota,Not specified,0,Full-time (> 32 hours),1,,,1,1,0,0,,,,19,0,0,0,0,0,0,0,0,0,0,0
720c0d4889a7fc37529c978ac64457ab89a99b0a,2024-07-16,2024-07,Security Data Analyst,security data analyst,Data / BI Analyst,Microsoft,0,"Redmond, WA",Washington,Not specified,0,Full-time (> 32 hours),1,2.0,,1,1,0,0,66900.0,142800.0,104850.0,27,0,1,0,1,1,0,0,1,0,0,0
a9974ed6e648251e64e70343ce1d0fe9e80996e8,2024-07-16,2024-07,"Data Modeler (Principal, Lead, Senior)",data modeler principal lead senior,Data / BI Analyst,Salesforce,0,"San Francisco, CA",California,Not specified,0,Full-time (> 32 hours),1,,,0,0,0,1,,,,30,1,0,0,0,0,0,0,0,0,0,0
dabed0fa68c86a29daf42db8c7770fc64e6bc689,2024-09-13,2024-09,Data Analyst,data analyst,Data / BI Analyst,Dt Professional Services,0,"Burbank, CA",California,Not specified,0,Full-time (> 32 hours),1,2.0,,1,0,0,0,45760.0,54080.0,49920.0,25,1,0,0,1,0,0,1,0,0,0,0
360be2cdf6d0ac6dfe517a9db2dce153d557d842,2024-09-13,2024-09,Oracle Health Principal Consultant - Registration,health principal consultant registration,Consultant / Implementation,Oracle,1,"Boston, MA",Massachusetts,Not specified,0,Full-time (> 32 hours),1,8.0,,1,0,0,0,71200.0,158200.0,114700.0,14,0,0,0,0,0,0,0,0,0,0,0
ca53b8fda13a93c71063c293c0eee4a722fd546e,2024-09-13,2024-09,Oracle Health Principal Consultant - Health Information Management,health principal consultant health information management,Consultant / Implementation,Oracle,1,"Concord, NH",New Hampshire,Not specified,0,Part-time (â‰¤ 32 hours),0,8.0,,1,0,0,0,71200.0,158200.0,114700.0,15,0,0,0,0,0,0,0,0,0,0,0
1fd68c1c1f541a21389b45725c9e1816a4b32762,2024-06-24,2024-06,Cloud Consulting Senior Practice Director - ERP Fusion Cloud Financials,cloud consulting senior practice director erp fusion cloud financials,Consultant / Implementation,Oracle,1,"Carson City, NV",Nevada,Not specified,0,Full-time (> 32 hours),1,,,0,0,0,1,154800.0,338600.0,246700.0,29,0,0,0,0,0,0,0,0,0,0,0
bc641f56688ec7aa2bb4950b529954eaacc2c71f,2024-06-24,2024-06,Sr Consultant- Oracle Fusion Cloud SCM Modules,sr consultant fusion cloud scm modules,Consultant / Implementation,Oracle,1,"Carson City, NV",Nevada,Not specified,0,Full-time (> 32 hours),1,5.0,,1,0,0,0,86900.0,178200.0,132550.0,18,0,0,0,0,0,0,0,0,0,0,0
1b1be2d2716178e5c12369f75501299a624b11ec,2024-08-28,2024-08,Oracle Health Principal Consultant - Clinical Supply Chain,health principal consultant clinical supply chain,Consultant / Implementation,Oracle,1,"Boston, MA",Massachusetts,Not specified,0,Full-time (> 32 hours),1,8.0,,1,0,0,0,51709.0,126110.0,88909.5,15,0,0,0,0,0,0,0,0,0,0,0
ef23b15ad746f99f643a36b5e20882041071a7f6,2024-08-28,2024-08,Data Analyst,data analyst,Data / BI Analyst,Tillster,0,"Los Angeles, CA",California,Not specified,0,Part-time (â‰¤ 32 hours),0,1.0,1.0,1,0,0,0,85000.0,100000.0,92500.0,41,1,1,1,0,1,0,1,0,1,1,0
73dbbd02bfe0a7f8f76a3624db21cd6cf7c78297,2024-08-30,2024-08,Oracle Business Intelligence Techno-Functional Consultant,business intelligence techno functional consultant,Data / BI Analyst,Oracle,1,"Pleasanton, CA",California,Remote,1,Full-time (> 32 hours),1,10.0,,1,0,0,0,,,,51,0,1,1,1,0,1,0,1,1,0,0
1758bb871d8cfff6718e836f1dcc07516d24c427,2024-08-07,2024-08,Enterprise Sr Solutions Consultant,enterprise sr solutions consultant,Consultant / Implementation,Sprinklr,0,"Austin, TX",Texas,Not specified,0,Full-time (> 32 hours),1,2.0,2.0,0,0,0,1,100000.0,133000.0,116500.0,11,0,0,0,0,0,0,0,0,0,0,0
758204429004a4779c96eefa9484909e6af97a68,2024-06-28,2024-06,Oracle Payments OPI Enablement Consultant,payments opi enablement consultant,Consultant / Implementation,Oracle,1,"Springfield, IL",Illinois,Not specified,0,Full-time (> 32 hours),1,1.0,,0,0,0,1,67000.0,141300.0,104150.0,6,0,0,0,0,0,0,0,0,0,0,0
02780a85506a6312de9531c5ab3bb36432173dc5,2024-09-13,2024-09,Heroku Technical Architect,heroku technical architect,Architect / Engineer,Salesforce,0,"[Unknown City], CA",California,Not specified,0,Full-time (> 32 hours),1,,,0,0,0,1,130480.0,242830.0,186655.0,18,0,0,0,0,0,0,0,0,0,0,0
3ba3dd92f2876f8aca1dd2ee7484cc8b6daaaeba,2024-06-20,2024-06,Sr. SAP SD/LE Functional Analyst,sr sap sd le functional analyst,Consultant / Implementation,Scadea Solutions,0,"Houston, TX",Texas,Not specified,0,Full-time (> 32 hours),1,10.0,,1,0,0,0,,,,53,0,0,0,0,0,0,0,0,0,0,0
9c2d026a8b1063faaeb67e6e28b4c5482651bbe7,2024-05-11,2024-05,Sr. Payroll Implementation Consultant (Medium Enterprise),sr payroll implementation consultant medium enterprise,Consultant / Implementation,Workday,0,"Seattle, WA",Washington,Not specified,0,Full-time (> 32 hours),1,10.0,,1,0,0,0,116900.0,175400.0,146150.0,15,0,0,0,0,0,0,0,0,0,0,0
3ca9e11f90aaf70a4611a7f7e6d204b6ac1cd58d,2024-05-17,2024-05,"Webflow Technical Architect, East",technical architect east,Architect / Engineer,Webflow.Co,0,"New York, NY",New York,Remote,1,Part-time (â‰¤ 32 hours),0,,,0,0,0,1,172000.0,215000.0,193500.0,25,0,0,0,0,0,0,0,0,0,0,0
bd3a7c1782e82d1f0eb9d31a4d96128d59fec33a,2024-07-12,2024-07,Summer - Oracle NetSuite Functional Associate Consultant,summer netsuite functional associate consultant,Consultant / Implementation,Oracle,1,"Austin, TX",Texas,Not specified,0,Full-time (> 32 hours),1,,,1,0,0,0,41309.0,100006.0,70657.5,17,0,0,0,0,0,0,0,0,0,0,0
ae29f6e719c3674b3f2260cac655e953244fd83a,2024-06-26,2024-06,SAP S/4 HANA BTP Sr. Consultant,sap s hana btp sr consultant,Consultant / Implementation,SAP,0,"Newtown Square, PA",Pennsylvania,Not specified,0,Full-time (> 32 hours),1,5.0,,1,0,0,0,,,,15,0,0,0,0,0,0,0,0,0,0,0
318083bdb103de943621dcaf7b370f2b6d92689a,2024-08-05,2024-08,Oracle Fusion SaaS Technical Analyst,fusion saas technical analyst,Other Business / Analyst,Oracle,1,"Concord, NH",New Hampshire,Remote,1,Full-time (> 32 hours),1,,,0,0,0,1,69992.0,141294.0,105643.0,45,0,1,0,0,0,0,0,0,0,0,0
a2b54f8c06ad359580d240de8c6c6353e63332dd,2024-06-06,2024-06,Solution Architect - CTJ - TS/SCI,solution architect ctj ts sci,Architect / Engineer,Microsoft,0,"Reston, VA",Virginia,Not specified,0,Full-time (> 32 hours),1,8.0,,1,1,0,0,97800.0,189400.0,143600.0,40,0,0,0,0,0,0,0,0,0,0,0
0401d138071dd0a6d70478ec0992a43642a90bee,2024-09-16,2024-09,Oracle Cloud Financials Delivery Consultant_CSS OU,cloud financials delivery consultant css ou,Consultant / Implementation,Oracle,1,"Boston, MA",Massachusetts,Remote,1,Full-time (> 32 hours),1,5.0,,0,0,0,1,78998.0,158205.0,118601.5,18,0,0,0,0,0,0,0,0,0,0,0
684b5330471b938d54df0745bd36c77369287851,2024-09-16,2024-09,"Senior Manager, Oracle Health Analytics Consulting, Analytics Center of Excellence, Consulting Serv",senior manager health analytics consulting analytics center of excellence consulting serv,Data / BI Analyst,Oracle,1,"Nashville, TN",Tennessee,Not specified,0,Part-time (â‰¤ 32 hours),0,2.0,,1,0,0,0,106100.0,251600.0,178850.0,20,0,0,0,0,0,0,0,0,0,0,0
4f3281e0e00988bee989b8c8300aaac6d1badbfd,2024-05-24,2024-05,Senior Revenue Operations Data Analyst - Remote,senior revenue operations data analyst remote,Data / BI Analyst,Clari,0,"Sunnyvale, CA",California,Remote,1,Full-time (> 32 hours),1,,,0,0,0,1,116300.0,174400.0,145350.0,33,1,1,1,0,0,0,0,0,0,0,0
765791c036023df8557c678d2880e9738d218061,2024-05-12,2024-05,NetSuite ERP Functional Consultant - NetSuite - ACS,netsuite erp functional consultant netsuite acs,Consultant / Implementation,Oracle,1,"Annapolis, MD",Maryland,Not specified,0,Part-time (â‰¤ 32 hours),0,5.0,5.0,1,0,0,0,66700.0,145000.0,105850.0,39,0,0,0,0,0,0,0,0,0,0,0
1ae32e8ac27de6e9d2aaf8f5ff42d00b20e464be,2024-05-12,2024-05,"Senior HCM Consultant, Medium Enterprise",senior hcm consultant medium enterprise,Consultant / Implementation,Workday,0,"[Unknown City], UT",Utah,Not specified,0,Full-time (> 32 hours),1,10.0,,1,0,0,0,116900.0,175400.0,146150.0,14,0,0,0,0,0,0,0,0,0,0,0
71539de5d7859a484085d4461b9894c082e5198c,2024-05-12,2024-05,Oracle NetSuite - Senior Revenue Insights Analyst,netsuite senior revenue insights analyst,Data / BI Analyst,Oracle,1,"Columbus, OH",Ohio,Not specified,0,Part-time (â‰¤ 32 hours),0,,,0,0,0,1,79000.0,158200.0,118600.0,46,0,0,1,0,0,0,0,0,0,0,0
7fa22eff7374a09fb277f08d76c689cc6879b162,2024-05-12,2024-05,NACIE Oracle Analytics Consulting Technical Manager,nacie analytics consulting technical manager,Data / BI Analyst,Oracle,1,"Indianapolis, IN",Indiana,Not specified,0,Part-time (â‰¤ 32 hours),0,8.0,8.0,1,0,0,0,88500.0,199500.0,144000.0,30,1,1,0,0,0,1,0,0,0,0,0
42039b62531c01e50ded022f90d1927748c16c37,2024-05-23,2024-05,Business Intelligence Analyst,business intelligence analyst,Data / BI Analyst,Microsoft,0,"Redmond, WA",Washington,Not specified,0,Full-time (> 32 hours),1,2.0,,1,1,1,0,127200.0,208800.0,168000.0,32,0,0,0,1,1,0,0,0,0,0,0
c9c56e1a3623d35281f503a13065faafd7de37b3,2024-05-03,2024-05,"SAP FSCD Business Analyst_Hybrid at any locations-NC,NJ,NY,IL,CO,TX,ND,City,KS,CA,TN",sap fscd business analyst hybrid at any locations nc nj ny il co tx nd city ks ca tn,Other Business / Analyst,Scadea Solutions,0,"Charlotte, NC",North Carolina,Not specified,0,Full-time (> 32 hours),1,7.0,,1,1,0,0,,,,17,0,0,0,0,0,0,0,0,0,0,0
10399a914a73ed2ae44cabadaecb5f1431d9b009,2024-07-02,2024-07,Sr Enterprise Architect,sr enterprise architect,Architect / Engineer,Workday,0,"San Jose, CA",California,Not specified,0,Full-time (> 32 hours),1,2.0,,0,0,0,1,138500.0,208000.0,173250.0,29,0,0,0,0,0,0,0,1,1,0,0
f6b266adcde3f7864f2e79e8810ef646057ac502,2024-07-02,2024-07,Enterprise Architect - Enterprise Technology (People + Legal),enterprise architect enterprise technology people legal,Architect / Engineer,Atlassian,0,"San Francisco, CA",California,Not specified,0,Full-time (> 32 hours),1,10.0,,1,0,0,0,239000.0,318600.0,278800.0,6,0,0,0,0,0,0,0,0,0,0,0
672a14d7e12559bc5f771f6736282f407a33721e,2024-09-12,2024-09,Enterprise Cloud Architect,enterprise cloud architect,Architect / Engineer,Oracle,1,"Boston, MA",Massachusetts,Not specified,0,Full-time (> 32 hours),1,10.0,,1,1,0,0,113000.0,185200.0,149100.0,44,0,0,0,0,0,0,0,1,1,1,0
abe12f8dfaa6f10c022b1a096329e784a5b0af29,2024-09-12,2024-09,SAP Master Data Governance (MDG) Sr. Consultant,sap master data governance mdg sr consultant,Consultant / Implementation,SAP,0,"Dallas, TX",Texas,Not specified,0,Full-time (> 32 hours),1,,,1,0,0,0,,,,21,0,0,0,0,0,0,0,0,0,0,0
c8dc0560c721a4919e83e6628cbbbab327d53269,2024-09-12,2024-09,Senior Data Analyst,senior data analyst,Data / BI Analyst,Adyen,0,"Chicago, IL",Illinois,Remote,1,Full-time (> 32 hours),1,4.0,,0,0,0,1,,,,32,1,1,1,0,1,0,0,0,0,0,1
3ad79391f7f26f4893e8e641f5f0b5ca7d4d358a,2024-07-03,2024-07,Partner Success Advisor- HCM,partner success advisor hcm,Other Business / Analyst,Workday,0,"Pleasanton, CA",California,Not specified,0,Full-time (> 32 hours),1,4.0,,0,0,0,1,136500.0,204700.0,170600.0,12,0,0,0,0,0,0,0,0,0,0,0
ee11de33ec5829a71e0d311bfc5df8e31adcb645,2024-07-03,2024-07,Oracle Fusion SCM Functional Consultant,oracle fusion scm functional consultant,Consultant / Implementation,Sutherland,0,"Chattanooga, TN",Tennessee,Not specified,0,Full-time (> 32 hours),1,,,0,0,0,1,,,,3,0,0,0,0,0,0,0,0,0,0,0
02aebec8670180d33c196fd5eb1f449a1adc6d33,2024-06-21,2024-06,Principal Consultant,principal consultant,Consultant / Implementation,Oracle,1,"Springfield, IL",Illinois,Not specified,0,Full-time (> 32 hours),1,3.0,3.0,0,0,0,1,66700.0,145000.0,105850.0,22,0,0,0,0,0,0,0,0,0,0,0
53505e7d352134f84f626150251327cff3a02d25,2024-08-08,2024-08,Data Analyst,data analyst,Data / BI Analyst,Dedrone,0,"San Francisco, CA",California,Not specified,0,Full-time (> 32 hours),1,,,1,0,0,0,,,,20,1,1,0,0,0,1,0,0,0,0,0
dd1100b6076b6ef5b0a72b91f0b4ae577183b1d6,2024-06-21,2024-06,Principal - Enterprise Architect - Federal,principal enterprise architect federal,Architect / Engineer,Workday,0,"[Unknown City], MD",Maryland,Not specified,0,Full-time (> 32 hours),1,,,1,0,0,0,157200.0,235600.0,196400.0,25,0,0,0,0,0,0,0,0,0,0,0
2970fecef3211634d697a7ba67f3585f77c92176,2024-09-26,2024-09,Oracle Cloud ERP Financial Consulting Lead - Public Sector ( US Remote),cloud erp financial consulting lead public sector us remote,Consultant / Implementation,Oracle,1,"Boston, MA",Massachusetts,Remote,1,Full-time (> 32 hours),1,5.0,,1,0,0,0,88500.0,199500.0,144000.0,24,0,0,0,0,0,0,0,0,0,0,0
99a357159f7c8cf11f73cec6e188462203dd271f,2024-05-01,2024-05,Customer Success Intern,customer success intern,Other Business / Analyst,Trellix,0,"Plano, TX",Texas,Not specified,0,Full-time (> 32 hours),1,,,0,0,0,1,52000.0,52000.0,52000.0,24,0,0,0,0,0,0,1,0,0,0,0
9d07689cb3a7437726b463ccd8cbe7d801135c50,2024-09-27,2024-09,Enterprise Data & Analytics Product Owner,enterprise data analytics product owner,Data / BI Analyst,Amplitude,0,"San Francisco, CA",California,Not specified,0,Full-time (> 32 hours),1,5.0,,0,0,0,1,140000.0,210000.0,175000.0,45,1,0,1,0,0,0,0,0,0,0,0
c42c467e10ca6808d83e926e3adae13898c7fb00,2024-06-25,2024-06,Senior Data Analyst,senior data analyst,Data / BI Analyst,Brightwheel,0,"Remote, OR",Oregon,Remote,1,Full-time (> 32 hours),1,2.0,2.0,0,0,0,1,95000.0,138000.0,116500.0,28,1,0,1,0,0,0,0,0,0,0,0
3184271e6b76cc84dcedebd4b1c5a3991315a18d,2024-09-24,2024-09,Oracle Fusion Supply Chain Consultant - Oracle Customer Success/OU (Remote),fusion supply chain consultant customer success ou remote,Consultant / Implementation,Oracle,1,"Springfield, IL",Illinois,Remote,1,Full-time (> 32 hours),1,5.0,,0,0,0,1,78998.0,158205.0,118601.5,23,0,0,0,0,0,0,0,0,0,0,0
6f6364dde1041f82c28f1bb98188c9d0a57dfcef,2024-05-18,2024-05,Sr. Payroll Implementation Consultant (Medium Enterprise),sr payroll implementation consultant medium enterprise,Consultant / Implementation,Workday,0,"Chicago, IL",Illinois,Not specified,0,Full-time (> 32 hours),1,10.0,,1,0,0,0,116900.0,175400.0,146150.0,14,0,0,0,0,0,0,0,0,0,0,0
63a878abfba6ae4d6fa0b3cf16fad9138a182b67,2024-05-18,2024-05,Data Analyst,data analyst,Data / BI Analyst,Microsoft,0,"[Unknown City], GA",Georgia,Not specified,0,Full-time (> 32 hours),1,2.0,,1,1,0,0,105300.0,176900.0,141100.0,21,0,0,0,0,1,0,0,0,0,0,0
a7e6dd6fe80c894bc3d114f4c85a33b2a6268905,2024-08-24,2024-08,"ERP Industry Sales Executive - Hi Tech, West Coast",erp industry sales executive hi tech west coast,Sales / Pre-Sales,Oracle,1,"Austin, TX",Texas,Remote,1,Full-time (> 32 hours),1,8.0,,1,0,0,0,,,,29,0,0,0,0,0,0,0,0,0,0,0
bfb649f298ae6b6dacdcd000a1931d05349a0164,2024-09-22,2024-09,"Director, Cloud HCM Customer Program Manager",director cloud hcm customer program manager,Other Business / Analyst,Oracle,1,"Springfield, IL",Illinois,Not specified,0,Full-time (> 32 hours),1,,,1,0,0,0,130000.0,291900.0,210950.0,25,0,0,0,0,0,0,0,0,0,0,0
850a6bcf46c56897de32de34ab3b24a2a551ebd1,2024-06-16,2024-06,Cloud Consulting Solution Director (Solution Architect) - Oracle Cloud HCM,cloud consulting solution director solution architect cloud hcm,Consultant / Implementation,Oracle,1,"Cheyenne, WY",Wyoming,Not specified,0,Full-time (> 32 hours),1,10.0,,1,0,0,0,120100.0,251600.0,185850.0,11,0,0,0,0,0,0,0,0,0,0,0
0aac2bf9b95f15ad84c309595c3ee39d5a7c1b2a,2024-08-08,2024-08,Senior Data Analyst,senior data analyst,Data / BI Analyst,Autodesk,0,"San Francisco, CA",California,Remote,1,Full-time (> 32 hours),1,4.0,,0,1,0,0,136856.0,170000.0,153428.0,47,0,1,0,0,0,0,0,0,0,0,0
dc954cf7177be490ad263353f9b3733d8d3cb896,2024-08-08,2024-08,Data Analyst,data analyst,Data / BI Analyst,Sumeru,0,"Atlanta, GA",Georgia,Not specified,0,Full-time (> 32 hours),1,5.0,,0,0,0,1,52000.0,55000.0,53500.0,15,1,0,1,0,0,0,0,0,0,0,0
cc4d671bc83606612a02b0e61c6e2b8492b784b0,2024-05-24,2024-05,NetSuite ERP Functional Consultant - NetSuite - ACS,netsuite erp functional consultant netsuite acs,Consultant / Implementation,Oracle,1,"Charleston, WV",West Virginia,Not specified,0,Part-time (â‰¤ 32 hours),0,5.0,5.0,1,0,0,0,66700.0,145000.0,105850.0,42,0,0,0,0,0,0,0,0,0,0,0
0c1ee2a35ed23e77a98d88d7a4ac8392aa630edf,2024-05-23,2024-05,OFSAA FCCM Consulting Manager,ofsaa fccm consulting manager,Consultant / Implementation,Oracle,1,"Honolulu, HI",Hawaii,Not specified,0,Full-time (> 32 hours),1,10.0,,0,0,0,1,88500.0,199500.0,144000.0,22,0,0,0,0,0,0,0,0,0,0,0
44eaa30d321eb66f06063825f0c1fdd1fa50db1e,2024-05-29,2024-05,Business Intelligence Analyst,business intelligence analyst,Data / BI Analyst,Doximity,0,"San Francisco, CA",California,Not specified,0,Full-time (> 32 hours),1,,,0,0,0,1,,,,3,0,0,0,0,0,0,0,0,0,0,0
38cb87ff462a3344960dc28f95b12cffa429188b,2024-05-08,2024-05,"Data Modeler | Brooklyn, NY / Mineapolis, MN (Hybrid) | Contract",data modeler brooklyn ny mineapolis mn hybrid contract,Data / BI Analyst,Securekloud Technologies,0,"New York, NY",New York,Not specified,0,Full-time (> 32 hours),1,,,1,1,0,0,,,,17,0,0,0,0,0,0,0,0,0,0,0
88ee228d068b7575ee292b55ad925cfe080c992b,2024-05-12,2024-05,NetSuite ERP Functional Consultant - NetSuite - ACS,netsuite erp functional consultant netsuite acs,Consultant / Implementation,Oracle,1,"Dover, DE",Delaware,Not specified,0,Part-time (â‰¤ 32 hours),0,5.0,5.0,1,0,0,0,66700.0,145000.0,105850.0,41,0,0,0,0,0,0,0,0,0,0,0
a8e981e8f811d208f0ac9da1c86a2f786c011d07,2024-05-12,2024-05,Oracle NetSuite - Sales Competitive Intelligence Analyst,netsuite sales competitive intelligence analyst,Sales / Pre-Sales,Oracle,1,"Harrisburg, PA",Pennsylvania,Not specified,0,Part-time (â‰¤ 32 hours),0,3.0,3.0,0,0,0,1,90100.0,147600.0,118850.0,17,0,0,0,0,0,0,0,0,0,0,0
9060b0afcefe3e561265f889cf846d8d0a3eed2a,2024-07-01,2024-07,Oracle SCM Functional,oracle scm functional,Consultant / Implementation,Sutherland,0,"Chattanooga, TN",Tennessee,Not specified,0,Full-time (> 32 hours),1,,,0,0,0,1,,,,2,0,0,0,0,0,0,0,0,0,0,0
ebb8d8ba9193932ab8db9217f29a05bdbcc92108,2024-07-01,2024-07,Looking to hire SAP EWM Techo Functional onsite role,looking to hire sap ewm techo functional onsite role,Consultant / Implementation,Mygo Consulting,0,"Memphis, TN",Tennessee,Not specified,0,Full-time (> 32 hours),1,,,0,0,0,1,,,,1,0,0,0,0,0,0,0,0,0,0,0
202b5e137d0c2d5e10a5c66ca0ec1503760f3930,2024-07-11,2024-07,SAP BW_Senior Tax Consultant,sap bw senior tax consultant,Consultant / Implementation,Scadea Solutions,0,"Juno Beach, FL",Florida,Not specified,0,Full-time (> 32 hours),1,,,1,0,0,0,,,,5,0,0,0,0,0,0,0,0,0,0,0
342fa7799164b9187c35b137317b7df4de852322,2024-06-26,2024-06,Senior SAP MDG Consultant,senior sap mdg consultant,Consultant / Implementation,SAP,0,"Newtown Square, PA",Pennsylvania,Not specified,0,Full-time (> 32 hours),1,8.0,,0,0,0,1,,,,15,0,0,0,0,0,0,0,0,0,0,0
cadd281720c97be62b33c4933219144e181d2db5,2024-06-26,2024-06,SAP FSCM Senior Consultant,sap fscm senior consultant,Consultant / Implementation,SAP,0,"Chicago, IL",Illinois,Remote,1,Full-time (> 32 hours),1,5.0,,0,0,0,1,,,,38,0,0,0,0,0,0,0,0,0,0,0
88e061e99d6b50fe34aa039880951db641eca9fe,2024-09-04,2024-09,Senior Consultant- Oracle Global Trade Mgmt (GTM) and Transportation Mgmt (OTM),senior consultant global trade mgmt gtm and transportation mgmt otm,Consultant / Implementation,Oracle,1,"Cheyenne, WY",Wyoming,Not specified,0,Part-time (â‰¤ 32 hours),0,5.0,,1,0,0,0,86900.0,178200.0,132550.0,19,0,0,0,0,0,0,0,0,0,0,0
b0576133b7cd8f970023fd299962f727a335112c,2024-06-26,2024-06,Senior SAP S/4HANA Finance Consultant,senior sap s hana finance consultant,Consultant / Implementation,SAP,0,"Pittsburgh, PA",Pennsylvania,Not specified,0,Full-time (> 32 hours),1,10.0,,0,0,0,1,,,,40,0,0,0,0,0,0,0,0,0,0,0
638b3c7da22423df74a0d64ed64b81e9526b436f,2024-07-27,2024-07,Oracle SaaS SCM Cloud Techno-Functional Analyst,saas scm cloud techno functional analyst,Consultant / Implementation,Oracle,1,"Springfield, IL",Illinois,Not specified,0,Full-time (> 32 hours),1,8.0,,1,0,0,0,78998.0,158205.0,118601.5,39,1,0,0,0,0,0,0,0,0,0,0
94e5fdb6c0b73b8201af3186af7124f7ab8be8f0,2024-07-27,2024-07,Oracle SaaS SCM Techno-Functional Analyst (WMS),saas scm techno functional analyst wms,Consultant / Implementation,Oracle,1,"Springfield, IL",Illinois,Not specified,0,Full-time (> 32 hours),1,8.0,8.0,1,0,0,0,78998.0,158205.0,118601.5,25,0,0,0,0,0,0,0,0,0,0,0
5b39bbb7508ea44b08ff3a7ce16c2352b5e40b69,2024-07-27,2024-07,"Principal Consultant, Oracle ERP Security",principal consultant erp security,Consultant / Implementation,Oracle,1,"Springfield, IL",Illinois,Not specified,0,Full-time (> 32 hours),1,4.0,4.0,0,0,0,1,71200.0,158200.0,114700.0,11,0,0,0,0,0,0,0,0,0,0,0
ba2b94b7c815c600ae81f1435449a28a66399fee,2024-06-11,2024-06,"Implementation Consultant, ERP",implementation consultant erp,Consultant / Implementation,Ems Linq,0,"Charlotte, NC",North Carolina,Remote,1,Full-time (> 32 hours),1,2.0,,1,0,0,0,,,,16,0,0,0,0,0,0,0,0,0,0,0
6e7694b8a6a8d578cdeea4417fea8459fb4d4689,2024-09-12,2024-09,GRC Security Analyst,grc security analyst,Other Business / Analyst,Sprinklr,0,"[Unknown City], IL",Illinois,Remote,1,Full-time (> 32 hours),1,2.0,2.0,1,0,0,0,74000.0,99000.0,86500.0,30,0,0,0,0,0,0,0,0,0,0,0
efc1b0ade3450334d907ce67685bc030ff86c774,2024-08-19,2024-08,"Creative Technologist & Solution Architect, Enterprise",creative technologist solution architect enterprise,Architect / Engineer,Adobe,0,"New York, NY",New York,Not specified,0,Full-time (> 32 hours),1,,,0,0,0,1,345700.0,345700.0,345700.0,29,0,1,0,0,0,0,0,0,0,0,0
65aa7656694f3eba3c8183327960e7edb330934a,2024-07-15,2024-07,Revenue Cycle Management Data Analyst (Georgia),revenue cycle management data analyst georgia,Data / BI Analyst,Boulder Care,0,"Portland, OR",Oregon,Remote,1,Full-time (> 32 hours),1,5.0,,0,0,0,1,75000.0,90000.0,82500.0,32,1,0,0,0,0,0,1,0,0,0,0
c7ac4738902ab31b3e3a1df796c647be5a1882dd,2024-05-31,2024-05,Oracle Cloud ERP Financial Consulting Lead - Public Sector ( US Remote),cloud erp financial consulting lead public sector us remote,Consultant / Implementation,Oracle,1,"Des Moines, IA",Iowa,Remote,1,Full-time (> 32 hours),1,5.0,,1,0,0,0,88500.0,199500.0,144000.0,24,0,0,0,0,0,0,0,0,0,0,0
f021f19e0f0ad45599b0ff8113eeeacf749fde93,2024-07-05,2024-07,Oracle (FAH) Functional Consultant- Finance Accounting Hub,fah functional consultant finance accounting hub,Consultant / Implementation,Oracle,1,"Columbia, SC",South Carolina,Not specified,0,Part-time (â‰¤ 32 hours),0,,,1,0,0,0,88500.0,199500.0,144000.0,14,0,0,0,0,0,0,0,0,0,0,0
71cf39712f4b2f10ace4cf224072399456054d9b,2024-07-05,2024-07,Oracle (FAH) Functional Consultant- Finance Accounting Hub,fah functional consultant finance accounting hub,Consultant / Implementation,Oracle,1,"Pierre, SD",South Dakota,Not specified,0,Part-time (â‰¤ 32 hours),0,,,1,0,0,0,88500.0,199500.0,144000.0,14,0,0,0,0,0,0,0,0,0,0,0
37c60352a099d9b449fe350dc2956b1db707ef05,2024-09-16,2024-09,AI Data Trainer - Mathematics Specialist,ai data trainer mathematics specialist,AI Data Trainer,Outlier Ai,0,"West Valley City, UT",Utah,Not specified,0,Full-time (> 32 hours),1,,,1,0,0,0,62400.0,104000.0,83200.0,5,0,0,0,0,0,0,0,0,0,0,0
77a88ac0b5f86a5f1463ced34bf01b97c478e2dd,2024-09-16,2024-09,AI Data Trainer - Mathematics Specialist,ai data trainer mathematics specialist,AI Data Trainer,Outlier Ai,0,"Indianapolis, IN",Indiana,Not specified,0,Full-time (> 32 hours),1,,,1,0,0,0,62400.0,104000.0,83200.0,5,0,0,0,0,0,0,0,0,0,0,0
66787339d294c477ecce3901c0264d2cb6458895,2024-05-12,2024-05,NetSuite ERP Functional Consultant - NetSuite - ACS,netsuite erp functional consultant netsuite acs,Consultant / Implementation,Oracle,1,"Harrisburg, PA",Pennsylvania,Not specified,0,Part-time (â‰¤ 32 hours),0,5.0,5.0,1,0,0,0,66700.0,145000.0,105850.0,39,0,0,0,0,0,0,0,0,0,0,0
fc435e6300fe10027b1f5d16760fef519c633148,2024-05-12,2024-05,"Solution Architect (Cloud Consulting Director) - Oracle Supply Chain Management, Oracle Consulting",solution architect cloud consulting director supply chain management consulting,Consultant / Implementation,Oracle,1,"Hartford, CT",Connecticut,Not specified,0,Part-time (â‰¤ 32 hours),0,10.0,,1,0,0,0,120100.0,251600.0,185850.0,17,0,0,0,0,0,0,0,0,0,0,0
a3797217ce13aa098606b92662c1f8de920254f7,2024-05-12,2024-05,"Senior Manager, Analyst Relations, Oracle Fusion Cloud ERP (REMOTE)",senior manager analyst relations fusion cloud erp remote,Other Business / Analyst,Oracle,1,"Lincoln, NE",Nebraska,Remote,1,Part-time (â‰¤ 32 hours),0,7.0,,0,0,0,1,97400.0,199500.0,148450.0,22,0,0,0,0,0,0,0,0,0,0,0
5a48a8ca007ed77894a25c85f21ede5e2fd77d16,2024-05-12,2024-05,Senior Enterprise Architect - Healthcare,senior enterprise architect healthcare,Architect / Engineer,Workday,0,"Dearborn Heights, MI",Michigan,Remote,1,Full-time (> 32 hours),1,1.0,,1,1,0,0,138500.0,208000.0,173250.0,17,0,0,0,0,0,0,0,0,0,0,0
3b7549e65546eed3a9025a655c574c9418a8b420,2024-07-25,2024-07,Senior Principal Engineer - Enterprise Architect - Observability,senior principal engineer enterprise architect observability,Architect / Engineer,Atlassian,0,"Mountain View, CA",California,Not specified,0,Full-time (> 32 hours),1,10.0,,1,1,0,0,234100.0,312100.0,273100.0,31,0,0,0,0,0,0,0,1,1,0,0
ac7ca7432abf939b9e5136850031f6a6cc419c85,2024-07-25,2024-07,Senior Enterprise Architect - Enterprise Technology - Customer Support,senior enterprise architect enterprise technology customer support,Architect / Engineer,Atlassian,0,"Austin, TX",Texas,Not specified,0,Full-time (> 32 hours),1,10.0,,1,0,0,0,234100.0,312100.0,273100.0,8,0,0,0,0,0,0,0,0,0,0,0
0b29634f2e92af5106dc7fa958826e5f98f276b8,2024-05-29,2024-05,SCM Cloud Techno-Functional Analyst,scm cloud techno functional analyst,Consultant / Implementation,Oracle,1,"Springfield, IL",Illinois,Remote,1,Full-time (> 32 hours),1,,,0,0,0,1,69992.0,141294.0,105643.0,19,1,0,0,0,0,0,0,0,0,0,0
f09dcceb700cd5e6912a03faea102435afab5dcb,2024-07-01,2024-07,VP Global Advanced Services - GPS,vp global advanced services gps,Other Business / Analyst,Infor,0,"New York, NY",New York,Not specified,0,Full-time (> 32 hours),1,,,0,0,0,1,,,,16,0,0,0,0,0,1,0,0,0,0,0
4a91ca55c41a571c78150ef25a257b896a9c1492,2024-08-05,2024-08,Corporate Systems Architect,corporate systems architect,Architect / Engineer,Tanium,0,"Addison, TX",Texas,Not specified,0,Full-time (> 32 hours),1,8.0,,1,0,0,0,110000.0,325000.0,217500.0,53,0,0,0,0,0,0,0,0,0,0,0
3ecedb9b1cc860176fba3129abb7568352c75290,2024-05-12,2024-05,Revenue Operations Analyst - Data and Insights - Hybrid/Machesney Park IL,revenue operations analyst data and insights hybrid machesney park il,Data / BI Analyst,Experity,0,"Milwaukee, WI",Wisconsin,Remote,1,Full-time (> 32 hours),1,,,1,1,0,0,66900.0,91000.0,78950.0,48,1,0,1,1,0,0,0,0,0,0,0
c84ec9c7553d9771456a6d643683f489678a5190,2024-05-24,2024-05,Oracle NetSuite Senior Sales Consultant - Account Management Organization,netsuite senior sales consultant account management organization,Sales / Pre-Sales,Oracle,1,"Springfield, IL",Illinois,Not specified,0,Full-time (> 32 hours),1,3.0,,1,1,0,0,63003.0,159099.0,111051.0,57,0,0,1,1,0,0,0,0,0,0,0
fbe490b5d21509fa520c71fd911152dda56f4847,2024-05-02,2024-05,"SAP PRA Consultant_First 3 months are 100% onsite (M-TH), then hybrid model (25%-50% )_Expense Paid",sap pra consultant first months are onsite m th then hybrid model expense paid,Consultant / Implementation,Scadea Solutions,0,"Houston, TX",Texas,Not specified,0,Full-time (> 32 hours),1,5.0,5.0,0,0,0,1,,,,6,0,0,0,0,0,0,0,0,0,0,0
8e48fa60de7b1e28750ad79039421a61e005ba91,2024-05-12,2024-05,NetSuite ERP Functional Consultant - NetSuite - ACS,netsuite erp functional consultant netsuite acs,Consultant / Implementation,Oracle,1,"Trenton, NJ",New Jersey,Not specified,0,Part-time (â‰¤ 32 hours),0,5.0,5.0,1,0,0,0,66700.0,145000.0,105850.0,40,0,0,0,0,0,0,0,0,0,0,0
e795398a2ef11692616d014b3e94d6c200586af6,2024-09-05,2024-09,Oracle Technical Pre-Sales Consultant - Oracle Cloud HCM & ERP - Senior Sales Consultant - Remote,technical pre sales consultant cloud hcm erp senior sales consultant remote,Sales / Pre-Sales,Oracle,1,"Juneau, AK",Alaska,Remote,1,Part-time (â‰¤ 32 hours),0,10.0,,0,0,0,1,63003.0,159099.0,111051.0,46,1,0,0,0,0,1,0,0,0,0,0
f36b272cc80596c62f3000f123e34fa7a6888a18,2024-07-23,2024-07,Guidewire P&C Data Analyst,guidewire p c data analyst,Data / BI Analyst,Scadea Solutions,0,"Morristown, NJ",New Jersey,Not specified,0,Full-time (> 32 hours),1,5.0,,1,0,0,0,,,,14,1,0,0,0,1,0,0,0,0,0,0
0dec61f6955233b0ceb04d27ebd46e9dafb34bb1,2024-07-23,2024-07,"Sr. Data Analyst, Customer & GTM Data",sr data analyst customer gtm data,Data / BI Analyst,Salesforce,0,"Indianapolis, IN",Indiana,Not Remote,0,Full-time (> 32 hours),1,3.0,,0,0,0,1,,,,24,1,0,1,0,0,0,0,0,0,0,0
bc85d24d1ef280b95111ace963a2b9484e40b46e,2024-06-12,2024-06,Data Analytics Specialist,data analytics specialist,Data / BI Analyst,SAP,0,"Palo Alto, CA",California,Not specified,0,Full-time (> 32 hours),1,5.0,,1,1,0,0,,,,33,1,0,1,0,0,0,0,0,0,0,0
bda1d480745637f1667b493a3e7296f8838598de,2024-09-16,2024-09,AI Data Trainer - Mathematics Specialist,ai data trainer mathematics specialist,AI Data Trainer,Outlier Ai,0,"[Unknown City], SD",South Dakota,Not specified,0,Full-time (> 32 hours),1,,,1,0,0,0,62400.0,104000.0,83200.0,5,0,0,0,0,0,0,0,0,0,0,0
23a56640c40db7624fd1f2bad138a76a78e8c52d,2024-09-16,2024-09,"Senior Manager, Oracle Health Analytics Consulting, Analytics Center of Excellence, Consulting Serv",senior manager health analytics consulting analytics center of excellence consulting serv,Data / BI Analyst,Oracle,1,"Frankfort, KY",Kentucky,Not specified,0,Part-time (â‰¤ 32 hours),0,2.0,,1,0,0,0,106100.0,251600.0,178850.0,20,0,0,0,0,0,0,0,0,0,0,0
f5b6118b12f3815a3831f6fbfbdf695835123b9b,2024-09-10,2024-09,Oracle Health Principal Consultant - Pharmacy,health principal consultant pharmacy,Consultant / Implementation,Oracle,1,"Boston, MA",Massachusetts,Not specified,0,Full-time (> 32 hours),1,5.0,,1,0,0,0,71200.0,158200.0,114700.0,20,0,0,0,0,0,0,0,0,0,0,0
3e4e08f363562616cea6a6a37c1697474d5ec97b,2024-06-28,2024-06,Senior Consultant- Oracle Global Trade Mgmt (GTM) and Transportation Mgmt (OTM),senior consultant global trade mgmt gtm and transportation mgmt otm,Consultant / Implementation,Oracle,1,"Lansing, MI",Michigan,Not specified,0,Part-time (â‰¤ 32 hours),0,5.0,,1,0,0,0,86900.0,178200.0,132550.0,19,0,0,0,0,0,0,0,0,0,0,0
7b855014259fb8c9ce68fab46f449af9e036d25c,2024-07-16,2024-07,"Clarity Specialist, Staff",clarity specialist staff,Other Business / Analyst,Synopsys,0,"Sunnyvale, CA",California,Not specified,0,Full-time (> 32 hours),1,8.0,,0,0,0,1,110000.0,166000.0,138000.0,25,0,0,0,0,0,0,0,0,0,0,0
c0b67b5b61a7153d331c612c000f3a609e5d4fa5,2024-09-24,2024-09,Oracle Fusion Supply Chain Consultant - Oracle Customer Success/OU (Remote),fusion supply chain consultant customer success ou remote,Consultant / Implementation,Oracle,1,"Boston, MA",Massachusetts,Remote,1,Full-time (> 32 hours),1,5.0,,0,0,0,1,78998.0,158205.0,118601.5,23,0,0,0,0,0,0,0,0,0,0,0
62b3213b6473e429cca5d9fdfc0540d54da7d7a6,2024-08-20,2024-08,Senior Consultant- Oracle Order Management and Pricing,senior consultant order management and pricing,Consultant / Implementation,Oracle,1,"Nashville, TN",Tennessee,Not specified,0,Part-time (â‰¤ 32 hours),0,5.0,,1,0,0,0,86900.0,178200.0,132550.0,19,0,0,0,0,0,0,0,0,0,0,0
5faece947132edeba4c18f55bafc392f9ca635a0,2024-08-20,2024-08,Princ Business Intelligence Analyst,princ business intelligence analyst,Data / BI Analyst,NortonLifeLock,0,"Tempe, AZ",Arizona,Not specified,0,Full-time (> 32 hours),1,5.0,,1,0,0,0,,,,52,1,1,0,1,1,1,0,0,0,0,0
c47032ae76967205c22904055e247c89e1006c71,2024-07-10,2024-07,Enterprise Data Analyst,enterprise data analyst,Data / BI Analyst,Mcleod Software,0,"Birmingham, AL",Alabama,Not specified,0,Full-time (> 32 hours),1,1.0,1.0,1,0,0,0,,,,36,1,1,1,1,0,0,0,1,0,0,1
1e5be876b0f73000817f7b6bbef999667e4b52d2,2024-09-06,2024-09,Principal BizOps Business Performance,principal bizops business performance,Other Business / Analyst,Workday,0,"Pleasanton, CA",California,Not specified,0,Full-time (> 32 hours),1,8.0,,1,1,0,0,183200.0,274800.0,229000.0,38,0,0,0,0,0,0,0,0,0,0,0
460869892a11b5e94257b691d96fe753b92219ae,2024-06-26,2024-06,Senior SAP TM Consultant,senior sap tm consultant,Consultant / Implementation,SAP,0,"Newtown Square, PA",Pennsylvania,Not specified,0,Full-time (> 32 hours),1,,,1,0,0,0,,,,23,0,0,0,0,0,0,0,0,0,0,0
cf8a4b90c6d596cf1d962b17c8d2717e0fc081fd,2024-06-26,2024-06,Senior Product Analyst - BT Architecture,senior product analyst bt architecture,Architect / Engineer,Salesforce,0,"Dallas, TX",Texas,Not Remote,0,Full-time (> 32 hours),1,3.0,3.0,0,0,0,1,,,,35,0,0,0,0,0,0,0,0,0,0,0
8202ec1fc4cd75175efea46b8a39a79e78fb436f,2024-08-12,2024-08,Oracle Cloud - Quote to Cash Techno-Functional Analyst,oracle cloud quote to cash techno functional analyst,Consultant / Implementation,Virtue Corporate Group,0,"San Francisco, CA",California,Not specified,0,Full-time (> 32 hours),1,8.0,,0,0,0,1,,,,18,1,0,0,0,0,0,0,0,0,0,0
0889d4b29fe4942ab2d3a532e19130afc742a028,2024-09-27,2024-09,Enterprise Architect,enterprise architect,Architect / Engineer,Loftware,0,"Portsmouth, NH",New Hampshire,Not specified,0,Full-time (> 32 hours),1,15.0,,1,1,0,0,,,,44,1,0,0,0,0,0,0,0,0,0,0
1171ff97b655922c0d54fd3fef676760126dc2f2,2024-06-11,2024-06,Human Performance Data Analyst,human performance data analyst,Data / BI Analyst,Coachmeplus,0,"Buffalo, NY",New York,Remote,1,Full-time (> 32 hours),1,5.0,,1,1,0,0,80000.0,140000.0,110000.0,33,0,1,1,1,1,1,0,0,0,0,0
06051debf84533c81556ca3a87257ecfedb9c65e,2024-06-11,2024-06,Data Engineer (Analytics),data engineer analytics,Data / BI Analyst,Bamboohr,0,"Draper, UT",Utah,Remote,1,Full-time (> 32 hours),1,,,0,0,0,1,,,,32,1,1,0,0,0,0,0,0,1,0,0
870d833029d671eaf40bc7f897ab8f43fe9c05c2,2024-06-10,2024-06,NetSuite Planning and Budgeting (NSPB) Functional Consultant - Principal Consultant,netsuite planning and budgeting nspb functional consultant principal consultant,Consultant / Implementation,Oracle,1,"Montgomery, AL",Alabama,Not specified,0,Full-time (> 32 hours),1,5.0,5.0,1,0,0,0,66700.0,145000.0,105850.0,26,0,0,0,0,0,0,0,0,0,0,0
75aac9c7fe461b9041099833a437ea8602fabff6,2024-05-12,2024-05,Oracle NetSuite - Senior Revenue Insights Analyst,netsuite senior revenue insights analyst,Data / BI Analyst,Oracle,1,"Denver, CO",Colorado,Not specified,0,Part-time (â‰¤ 32 hours),0,,,0,0,0,1,79000.0,158200.0,118600.0,46,0,0,1,0,0,0,0,0,0,0,0
a59dbf76c4ff63b5c82f051cb69a590d98f4431d,2024-05-12,2024-05,Cloud ERP Financials Functional Lead - Public Sector (US Remote),cloud erp financials functional lead public sector us remote,Consultant / Implementation,Oracle,1,"Denver, CO",Colorado,Remote,1,Part-time (â‰¤ 32 hours),0,5.0,,1,0,0,0,88500.0,199500.0,144000.0,23,0,0,0,0,0,0,0,0,0,0,0
418ddc6a17dfc09e0ccb806c259c372d40fd7208,2024-05-12,2024-05,"Oracle Subscription Management and Advanced Pricing Functional Lead (Cloud Consulting Manager), Orac",subscription management and advanced pricing functional lead cloud consulting manager orac,Consultant / Implementation,Oracle,1,"Tallahassee, FL",Florida,Not specified,0,Part-time (â‰¤ 32 hours),0,6.0,,0,0,0,1,88500.0,199500.0,144000.0,19,0,0,0,0,0,0,0,0,0,0,0
5a46bc92128d65248946676d68bc11b82e302e2b,2024-09-26,2024-09,Principal - Enterprise Architect - Federal,principal enterprise architect federal,Architect / Engineer,Workday,0,"Tallahassee, FL",Florida,Not specified,0,Full-time (> 32 hours),1,,,1,0,0,0,157200.0,235600.0,196400.0,23,0,0,0,0,0,0,0,0,0,0,0
1adc33d4b51305626b0a2324374e64c06b1ef1f0,2024-09-26,2024-09,Data Analytics - Xbox,data analytics xbox,Data / BI Analyst,Microsoft,0,"Redmond, WA",Washington,Not specified,0,Full-time (> 32 hours),1,2.0,,1,1,0,0,83400.0,183000.0,133200.0,37,1,0,0,0,1,0,0,0,0,0,0
6a1402d658af92f425c30741980419f4c7a05c36,2024-08-27,2024-08,Oracle Fusion Techno Functional Consultant,oracle fusion techno functional consultant,Consultant / Implementation,Borza,0,"Cincinnati, OH",Ohio,Not specified,0,Full-time (> 32 hours),1,10.0,,0,0,0,1,124800.0,124800.0,124800.0,9,1,0,0,0,0,0,0,0,0,0,0
776f92aee0042d298d99355f6b4cbdb61eba3b0b,2024-09-21,2024-09,LEAD SAAS TECHNO-FUNCTIONAL ANALYST (ERP FINANCIALS),lead saas techno functional analyst erp financials,Consultant / Implementation,Oracle,1,"Montpelier, VT",Vermont,Not specified,0,Full-time (> 32 hours),1,,,1,0,0,0,93496.0,199493.0,146494.5,7,0,0,0,0,0,0,0,0,0,0,0
2e38803afdc5bdcaa661de7454bd1024bc4492c1,2024-06-15,2024-06,Consulting Security Architect,consulting security architect,Consultant / Implementation,Oracle,1,"Springfield, IL",Illinois,Not specified,0,Full-time (> 32 hours),1,12.0,,1,0,0,0,120100.0,251600.0,185850.0,53,0,1,0,0,0,0,0,0,0,0,0
07c15b76e832f94cda09dbad2bb60bd6732590b4,2024-05-11,2024-05,Sr. Payroll Implementation Consultant (Medium Enterprise),sr payroll implementation consultant medium enterprise,Consultant / Implementation,Workday,0,"Salt Lake City, UT",Utah,Not specified,0,Full-time (> 32 hours),1,10.0,,1,0,0,0,116900.0,175400.0,146150.0,14,0,0,0,0,0,0,0,0,0,0,0
505c456dafc3c5970a7a56d22a955e2e1bb1a752,2024-05-10,2024-05,Data Analyst,data analyst,Data / BI Analyst,Afterpay,0,"Atlanta, GA",Georgia,Not specified,0,Full-time (> 32 hours),1,2.0,,1,0,0,0,18720.0,18720.0,18720.0,26,1,0,1,0,1,1,0,0,0,0,0
9fcc76415c05500ff5971f8b11594ab65f34533f,2024-05-26,2024-05,AI Solution Architect/Senior AI Solution Architect (Post-Sales),ai solution architect senior ai solution architect post sales,Sales / Pre-Sales,C3 Iot,0,"Redwood City, CA",California,Not specified,0,Full-time (> 32 hours),1,5.0,,1,0,0,0,120000.0,120000.0,120000.0,45,0,0,0,0,0,1,0,1,1,0,1
bc16f270a539225aa82c3670419687e053813df6,2024-05-12,2024-05,NetSuite ERP Functional Consultant - NetSuite - ACS,netsuite erp functional consultant netsuite acs,Consultant / Implementation,Oracle,1,"Cheyenne, WY",Wyoming,Not specified,0,Part-time (â‰¤ 32 hours),0,5.0,5.0,1,0,0,0,66700.0,145000.0,105850.0,41,0,0,0,0,0,0,0,0,0,0,0
c63cc3931d45397b0bbe0529a9c5489308cda575,2024-05-12,2024-05,Sr. Payroll Implementation Consultant (Medium Enterprise),sr payroll implementation consultant medium enterprise,Consultant / Implementation,Workday,0,"Kansas City, MO",Missouri,Not specified,0,Full-time (> 32 hours),1,10.0,,1,0,0,0,116900.0,175400.0,146150.0,15,0,0,0,0,0,0,0,0,0,0,0
3fd42aeeb7da4b27d233dfdc2f8abc2a1d4907b5,2024-08-22,2024-08,Oracle Technical Pre-Sales Consultant - Oracle Cloud HCM & ERP - Senior Sales Consultant - Remote,technical pre sales consultant cloud hcm erp senior sales consultant remote,Sales / Pre-Sales,Oracle,1,"Olympia, WA",Washington,Remote,1,Part-time (â‰¤ 32 hours),0,10.0,,0,0,0,1,63003.0,159099.0,111051.0,46,1,0,0,0,0,1,0,0,0,0,0
d070dc3107de27af0b8740db1884bd6292dc2d63,2024-09-11,2024-09,Point of Care Medication Administration and Specimen Collection - Oracle Health Principal Consultant,point of care medication administration and specimen collection health principal consultant,Consultant / Implementation,Oracle,1,"Boston, MA",Massachusetts,Not specified,0,Full-time (> 32 hours),1,8.0,,1,0,0,0,71200.0,158200.0,114700.0,16,0,0,0,0,0,0,0,0,0,0,0
1652d9b02246b566eea57a8ac3a6fc03ba5a6615,2024-09-11,2024-09,"Principal Consultant, Oracle ERP Security",principal consultant erp security,Consultant / Implementation,Oracle,1,"Albany, NY",New York,Not specified,0,Part-time (â‰¤ 32 hours),0,4.0,4.0,0,0,0,1,66700.0,145000.0,105850.0,10,0,0,0,0,0,0,0,0,0,0,0
9b967dcc6e13c7ba8deaeeafbe0aa29d5dcfbaa5,2024-08-03,2024-08,SAP Ariba iXp Intern - Business Intelligence and Data Analytics,sap ariba ixp intern business intelligence and data analytics,Data / BI Analyst,SAP,0,"Indianapolis, IN",Indiana,Not specified,0,Full-time (> 32 hours),1,,,0,0,0,1,,,,21,1,0,0,0,0,0,1,0,0,0,0
0ddc86813e427197ea460bfc12ba7031dff673a9,2024-07-12,2024-07,Data Analyst,data analyst,Data / BI Analyst,Laserfiche,0,"Long Beach, CA",California,Remote,1,Full-time (> 32 hours),1,1.0,1.0,1,0,0,0,60000.0,80000.0,70000.0,31,1,0,1,1,1,0,1,0,0,0,0
1a28ddd00335ea17b236db414a988fede1d116a4,2024-07-19,2024-07,"Data Analyst - Product Analytics, TIDAL",data analyst product analytics tidal,Data / BI Analyst,Afterpay,0,"New York, NY",New York,Remote,1,Full-time (> 32 hours),1,4.0,,1,0,0,0,89400.0,137500.0,113450.0,25,1,0,1,0,1,0,0,0,0,0,0
9842ebb4bc76f33023f919cf614d6ea9f5080b83,2024-08-20,2024-08,Oracle Technical Pre-Sales Consultant - Oracle Cloud HCM & ERP Senior Sales Consultant Remote,technical pre sales consultant cloud hcm erp senior sales consultant remote,Sales / Pre-Sales,Oracle,1,"Springfield, IL",Illinois,Remote,1,Full-time (> 32 hours),1,10.0,,0,0,0,1,63003.0,159099.0,111051.0,40,1,0,0,0,0,0,0,0,0,0,0
60d805590a4cdaea80f907c33cd77da696a1b7b5,2024-08-20,2024-08,Senior Enterprise Architect,senior enterprise architect,Architect / Engineer,Adobe,0,"San Jose, CA",California,Not specified,0,Full-time (> 32 hours),1,,,0,0,0,1,305200.0,305200.0,305200.0,48,1,0,0,0,0,1,0,1,1,0,0
d55dc3ff1c7512ca190918c3c17df97396eb55c0,2024-08-20,2024-08,OPM Techno-Functional Analyst,opm techno functional analyst,Consultant / Implementation,Oracle,1,"Springfield, IL",Illinois,Not specified,0,Full-time (> 32 hours),1,7.0,,0,0,0,1,78998.0,158205.0,118601.5,15,1,0,0,0,0,0,0,0,0,0,0
1427acd738629b53ad4484c55dee1f839957166e,2024-07-09,2024-07,SAP Business System Analyst,sap business system analyst,Other Business / Analyst,Venturesoft Global,0,"San Jose, CA",California,Not specified,0,Full-time (> 32 hours),1,5.0,5.0,0,0,0,1,,,,14,1,0,1,1,0,0,0,0,0,0,0
13db54561c6ccbc9ffb6526cc914fe9c479b176b,2024-08-20,2024-08,CX Cloud Consulting Technical Manager - Oracle Subscription Management Cloud,cx cloud consulting technical manager subscription management cloud,Consultant / Implementation,Oracle,1,"Carson City, NV",Nevada,Not specified,0,Part-time (â‰¤ 32 hours),0,5.0,,1,0,0,0,88500.0,199500.0,144000.0,22,0,0,0,0,0,0,0,0,0,0,0
8047bfe8cf93db9c3bf901a8dbc9255e084406eb,2024-08-06,2024-08,Corporate Systems Architect,corporate systems architect,Architect / Engineer,Tanium,0,"Bellevue, WA",Washington,Not specified,0,Full-time (> 32 hours),1,8.0,,1,0,0,0,110000.0,325000.0,217500.0,53,0,0,0,0,0,0,0,0,0,0,0
0e2baf61c0b01094dc129d51bebbd223b3bf82d2,2024-05-15,2024-05,Data Analyst,data analyst,Data / BI Analyst,Ascendum Solutions,0,"Miami, FL",Florida,Not specified,0,Full-time (> 32 hours),1,,,1,0,0,0,72800.0,124800.0,98800.0,24,1,1,1,1,1,0,0,0,0,0,0
52800c8d3a32feef6b06d5d962dd0f3dfe1e9fa7,2024-09-23,2024-09,Oracle CPQ Consultant -W2,oracle cpq consultant w,Consultant / Implementation,Global Bridge Infotech,0,"Blair, NE",Nebraska,Not specified,0,Full-time (> 32 hours),1,,,0,0,0,1,,,,10,0,0,0,0,0,0,0,0,0,0,0
653e6a9ba1c8287ffa9109df198d9a42f48dbd1c,2024-09-14,2024-09,Senior Consultant- Oracle Global Trade Mgmt (GTM) and Transportation Mgmt (OTM),senior consultant global trade mgmt gtm and transportation mgmt otm,Consultant / Implementation,Oracle,1,"Boston, MA",Massachusetts,Not specified,0,Part-time (â‰¤ 32 hours),0,5.0,,1,0,0,0,86900.0,178200.0,132550.0,19,0,0,0,0,0,0,0,0,0,0,0
c8bfb657e24fbd7f89d0e8042ec60f4a0e02f1d3,2024-09-14,2024-09,Oracle Health Senior Organizational Change Consultant,health senior organizational change consultant,Consultant / Implementation,Oracle,1,"Frankfort, KY",Kentucky,Not specified,0,Part-time (â‰¤ 32 hours),0,6.0,,1,0,0,0,71200.0,158200.0,114700.0,19,0,0,0,0,0,0,0,0,0,0,0
40964af182136ede3c7711fc2617cc4c61f05f84,2024-07-29,2024-07,Square Hardware Data Analytics,square hardware data analytics,Data / BI Analyst,Block,0,"Chicago, IL",Illinois,Not specified,0,Full-time (> 32 hours),1,4.0,,0,0,0,1,,,,16,1,0,0,0,0,1,0,0,0,0,0
9338766de81a2749292901fc4437e3dde4fa875a,2024-09-12,2024-09,Oracle Health Principal Consultant - Scheduling,health principal consultant scheduling,Consultant / Implementation,Oracle,1,"Boston, MA",Massachusetts,Not specified,0,Full-time (> 32 hours),1,8.0,,1,0,0,0,71200.0,158200.0,114700.0,15,0,0,0,0,0,0,0,0,0,0,0
9372edf67eb5fb9d164a78a82ef3bc878067bbf3,2024-09-19,2024-09,Principal - Enterprise Architect - Federal,principal enterprise architect federal,Architect / Engineer,Workday,0,"Boulder, CO",Colorado,Not specified,0,Full-time (> 32 hours),1,,,1,0,0,0,157200.0,235600.0,196400.0,25,0,0,0,0,0,0,0,0,0,0,0
b3f84ca17bb9022e0c9b392dd34a567b45b1c946,2024-07-29,2024-07,SAP S4 P2P and Integration Consultant,sap s p p and integration consultant,Consultant / Implementation,Scadea Solutions,0,"Grapevine, TX",Texas,Not specified,0,Full-time (> 32 hours),1,6.0,6.0,0,0,0,1,,,,19,0,0,0,0,0,0,0,0,0,0,0
34a6715ab996d3543f5b0f4f7d542505f30e84a0,2024-08-02,2024-08,Security Technical Architect,security technical architect,Architect / Engineer,Microsoft,0,"Mountain View, CA",California,Not specified,0,Full-time (> 32 hours),1,6.0,,1,1,0,0,129200.0,268900.0,199050.0,64,0,0,0,0,0,0,0,1,0,0,0
71eb1c15365d2601a2ce9ae4b3ea1ee2a3673ba5,2024-07-02,2024-07,CX Cloud Consulting Technical Manager Oracle Subscription Management Cloud,cx cloud consulting technical manager subscription management cloud,Consultant / Implementation,Oracle,1,"Springfield, IL",Illinois,Not specified,0,Full-time (> 32 hours),1,5.0,,1,0,0,0,88500.0,199500.0,144000.0,22,0,0,0,0,0,0,0,0,0,0,0
5ce6cb2b4a9c6dc5b8eb04d5076dd4fb29a31995,2024-06-17,2024-06,"Warranty and Service Data Analyst - Nashville, TN - 100% Onsite",warranty and service data analyst onsite,Data / BI Analyst,Scadea Solutions,0,"Nashville, TN",Tennessee,Not specified,0,Full-time (> 32 hours),1,3.0,,1,0,0,0,,,,24,1,0,1,1,0,0,0,0,0,0,0
2384bb86993cbd6f61cdff1a6123a6d0ec9393a1,2024-08-28,2024-08,2025 University Graduate - Business Intelligence Analyst,university graduate business intelligence analyst,Data / BI Analyst,Adobe,0,"New York, NY",New York,Not specified,0,Full-time (> 32 hours),1,0.0,0.0,1,1,0,0,61600.0,133800.0,97700.0,18,1,1,0,0,1,0,0,0,0,0,0
3ab1f086c1d34e7bdd1fcf22477195019f5e138e,2024-05-08,2024-05,"Oracle NetSuite EPM (Financial Consolidation and Close, Narrative Reporting, Tax Reporting Cloud, Profitability and Cost Management and FreeForm) implementation - Senior Principal Consultant",netsuite epm financial consolidation and close narrative reporting tax reporting cloud profitability and cost management and freeform implementation senior principal consultant,Consultant / Implementation,Oracle,1,"Helena, MT",Montana,Not specified,0,Full-time (> 32 hours),1,,,1,0,0,0,76700.0,167000.0,121850.0,24,0,0,0,0,0,0,0,0,0,0,0
c3068d72e8454939c84d25dc224ce4932f5eb428,2024-09-09,2024-09,2025 Intern - Associate Consultant,intern associate consultant,Consultant / Implementation,Adobe,0,"San Jose, CA",California,Not specified,0,Full-time (> 32 hours),1,,,1,0,0,0,62400.0,62400.0,62400.0,44,1,0,0,0,1,1,0,0,0,0,0
eb6b503737e35b6fac38b9548497d53885ccb583,2024-08-24,2024-08,"Senior Manager, Analyst Relations, Oracle NetSuite (REMOTE)",senior manager analyst relations netsuite remote,Other Business / Analyst,Oracle,1,"Harrisburg, PA",Pennsylvania,Remote,1,Part-time (â‰¤ 32 hours),0,7.0,,0,0,0,1,97400.0,199500.0,148450.0,19,0,0,0,0,0,0,0,0,0,0,0
e3aec971cecce021677b1ab88019d743a218bd4d,2024-08-24,2024-08,"ERP Industry Sales Executive - Hi Tech, West Coast",erp industry sales executive hi tech west coast,Sales / Pre-Sales,Oracle,1,"Tallahassee, FL",Florida,Remote,1,Full-time (> 32 hours),1,8.0,,1,0,0,0,,,,29,0,0,0,0,0,0,0,0,0,0,0
93c8b7120e720f5b40aaf442983adb99586e050d,2024-08-24,2024-08,"ERP Industry Sales Executive - Hi Tech, West Coast",erp industry sales executive hi tech west coast,Sales / Pre-Sales,Oracle,1,"Montgomery, AL",Alabama,Remote,1,Full-time (> 32 hours),1,8.0,,1,0,0,0,,,,29,0,0,0,0,0,0,0,0,0,0,0
182f09247501f5b486ab5c2fea954a190e594cb6,2024-09-24,2024-09,Customer Engagement Senior Analyst,customer engagement senior analyst,Other Business / Analyst,Transunion Risk And Alternative Data Solutions,0,"Boca Raton, FL",Florida,Hybrid Remote,0,Full-time (> 32 hours),1,,,1,0,0,0,,,,18,0,0,0,0,0,0,0,0,0,0,0
6bd7e2f8eebd5ea55cde546e60d46af0ff5380a0,2024-08-31,2024-08,OPERA Reporting & Analytics Consultant -  Oracle Hospitality & Leisure,opera reporting analytics consultant hospitality leisure,Data / BI Analyst,Oracle,1,"Boston, MA",Massachusetts,Hybrid Remote,0,Full-time (> 32 hours),1,,,0,0,0,1,44595.0,89294.0,66944.5,10,0,0,0,0,0,0,0,0,0,0,0
a3e7bb20fff3831378b0196093a5666f4c21eb15,2024-08-31,2024-08,Oracle Business Intelligence Techno-Functional Consultant,business intelligence techno functional consultant,Data / BI Analyst,Oracle,1,"Boston, MA",Massachusetts,Remote,1,Full-time (> 32 hours),1,10.0,,1,0,0,0,87006.0,178194.0,132600.0,48,0,1,1,1,0,1,0,1,1,0,0
63cb6bec5a8e0d3dc8b21afd498bd3270adfe264,2024-08-08,2024-08,Senior Principal Cloud Consultant - HCM Cloud - Security and Controls,senior principal cloud consultant hcm cloud security and controls,Consultant / Implementation,Oracle,1,"Springfield, IL",Illinois,Not specified,0,Full-time (> 32 hours),1,,,0,0,0,1,76700.0,167000.0,121850.0,11,0,0,0,0,0,0,0,0,0,0,0
b649134395cff84a7bde93813db2087ee6a7f8b6,2024-06-12,2024-06,Sr. Data Analyst,sr data analyst,Data / BI Analyst,Windfall Data,0,"San Francisco, CA",California,Not specified,0,Full-time (> 32 hours),1,,,1,0,0,0,90000.0,120000.0,105000.0,12,1,1,0,0,0,1,0,0,0,0,0
9bd781cfbef2831d4bc19119fb3a06cb598bf1b3,2024-06-12,2024-06,Senior Consultant (OneStream Implementations),senior consultant onestream implementations,Consultant / Implementation,Onestream Software,0,"Rochester, MI",Michigan,Remote,1,Full-time (> 32 hours),1,,,1,1,0,0,100000.0,120000.0,110000.0,53,1,0,0,0,0,1,0,0,0,0,0
05b5beb87a37c7e052e2d084c61c8fdf022fc77c,2024-07-28,2024-07,Oracle SaaS SCM Techno-Functional Analyst (WMS),saas scm techno functional analyst wms,Consultant / Implementation,Oracle,1,"Austin, TX",Texas,Not specified,0,Part-time (â‰¤ 32 hours),0,8.0,8.0,1,0,0,0,78998.0,158205.0,118601.5,25,0,0,0,0,0,0,0,0,0,0,0
162ca0441d0e40370c011a1a064c55c2779edcca,2024-07-28,2024-07,Oracle Cloud EPM Analyst,oracle cloud epm analyst,Other Business / Analyst,Ttx Company,0,"Charlotte, NC",North Carolina,Not specified,0,Full-time (> 32 hours),1,2.0,,1,1,0,0,81000.0,140000.0,110500.0,56,0,0,0,0,0,0,1,0,0,0,0
a444db34f137d5b8a90c3a045d8c6fff03d7f576,2024-09-17,2024-09,Implementation Analyst,implementation analyst,Consultant / Implementation,Rldatix,0,"Morristown, NJ",New Jersey,Not specified,0,Full-time (> 32 hours),1,,,0,0,0,1,70000.0,80000.0,75000.0,10,0,0,0,0,0,0,0,0,0,0,0
cc744cd2e6f4d8a4fd324d86665379a1feafbadf,2024-06-28,2024-06,SAP Ariba iXp Intern - Business Intelligence and Data Analytics,sap ariba ixp intern business intelligence and data analytics,Data / BI Analyst,SAP,0,"Pittsburgh, PA",Pennsylvania,Not specified,0,Full-time (> 32 hours),1,,,0,0,0,1,,,,20,1,0,0,0,0,0,1,0,0,0,0
fd45685f7ca72a1a69138465720bc75f438fa74a,2024-06-28,2024-06,Data Analyst,data analyst,Data / BI Analyst,NortonLifeLock,0,"Tempe, AZ",Arizona,Not specified,0,Full-time (> 32 hours),1,3.0,,1,0,0,0,,,,20,1,1,0,1,0,0,0,0,0,0,0
2bff7fa3254cc6f4af1f26481f43b15a6dd5d798,2024-06-26,2024-06,Team Lead - Data Analyst (West Coast),team lead data analyst west coast,Data / BI Analyst,Altium,0,"San Diego, CA",California,Not specified,0,Full-time (> 32 hours),1,5.0,,1,0,0,0,110000.0,137000.0,123500.0,27,1,1,1,1,1,0,1,0,0,0,0
e08dad117c5fa36295e43df0d5087498dcb72d81,2024-09-11,2024-09,Senior Data Analyst - Business Intelligence,senior data analyst business intelligence,Data / BI Analyst,Maven Clinic,0,"New York, NY",New York,Not specified,0,Full-time (> 32 hours),1,,,0,0,0,1,155000.0,185000.0,170000.0,25,1,1,1,0,0,0,0,0,0,0,0
1cfd282c1e87d051deb6396ebc475ec0f7b8c00a,2024-09-11,2024-09,Associate Consultant - December 2024 Grad,associate consultant december grad,Consultant / Implementation,Deposco,0,"Alpharetta, GA",Georgia,Remote,1,Full-time (> 32 hours),1,0.0,0.0,1,0,0,0,,,,28,1,0,0,0,0,0,0,0,0,0,0
3f7253421ce70870c3575688bf84c53f4487034b,2024-08-16,2024-08,Looking for SAP SD/LE Consultant_Onsite NJ,looking for sap sd le consultant onsite nj,Consultant / Implementation,Mygo Consulting,0,"Bridgewater Township, NJ",New Jersey,Not specified,0,Full-time (> 32 hours),1,12.0,,0,0,0,0,187200.0,197600.0,192400.0,11,0,0,0,0,0,0,0,0,0,0,0
92432b6d59106c9abfa507eb7df4eb9067707d41,2024-09-25,2024-09,Oracle Health Solutions Consultant - Patient Accounting (RevCycle),health solutions consultant patient accounting revcycle,Consultant / Implementation,Oracle,1,"Boston, MA",Massachusetts,Not specified,0,Full-time (> 32 hours),1,5.0,,1,0,0,0,71200.0,158200.0,114700.0,18,0,0,0,0,0,0,0,0,0,0,0
6edf3d54ecc403872b4e29ea62b3f3959bd12fbf,2024-08-31,2024-08,CLOUD CONSULTING SENIOR PRACTICE DIRECTOR - ERP FUSION CLOUD FINANCIALS,cloud consulting senior practice director erp fusion cloud financials,Consultant / Implementation,Oracle,1,"Montpelier, VT",Vermont,Not specified,0,Full-time (> 32 hours),1,,,0,0,0,1,154800.0,338600.0,246700.0,21,0,0,0,0,0,0,0,0,0,0,0
e3efecc752c86740a48b918e7d048d6b7fd89933,2024-09-27,2024-09,Solution Specialist- EPM,solution specialist epm,Other Business / Analyst,Oracle,1,"Boston, MA",Massachusetts,Not specified,0,Full-time (> 32 hours),1,5.0,5.0,0,0,0,1,112000.0,185200.0,148600.0,37,0,0,0,0,0,0,0,0,0,0,0
71b443d84f820757943179e76e23551cb0b89bf4,2024-05-18,2024-05,Consultant,consultant,Consultant / Implementation,Oracle,1,"Austin, TX",Texas,Remote,1,Full-time (> 32 hours),1,,,1,0,0,0,,,,15,0,0,0,0,0,0,0,0,0,0,0
621e25c8a7ff815dab654376403416887c5cc936,2024-05-28,2024-05,"Enterprise Solutions Architect, Staff",enterprise solutions architect staff,Architect / Engineer,Synopsys,0,"Mountain View, CA",California,Not specified,0,Full-time (> 32 hours),1,5.0,,1,0,0,0,110000.0,164000.0,137000.0,27,0,1,0,0,0,0,0,0,0,0,0
4a2fc54d7b5f7a5e69659311377af4c086cf2429,2024-05-24,2024-05,NetSuite ERP Functional Consultant - NetSuite - ACS,netsuite erp functional consultant netsuite acs,Consultant / Implementation,Oracle,1,"Austin, TX",Texas,Not specified,0,Part-time (â‰¤ 32 hours),0,5.0,5.0,1,0,0,0,66700.0,145000.0,105850.0,39,0,0,0,0,0,0,0,0,0,0,0
c2cebc0dcd5efb0afdcaa5a38a95741cbd3349be,2024-09-16,2024-09,AI Data Trainer - Mathematics Specialist,ai data trainer mathematics specialist,AI Data Trainer,Outlier Ai,0,"[Unknown City], NE",Nebraska,Not specified,0,Full-time (> 32 hours),1,,,1,0,0,0,62400.0,104000.0,83200.0,5,0,0,0,0,0,0,0,0,0,0,0
a4c6146856f0bb15f75ad55bff9dbb30f23c2a5f,2024-09-16,2024-09,AI Data Trainer - Mathematics Specialist,ai data trainer mathematics specialist,AI Data Trainer,Outlier Ai,0,"[Unknown City], ND",North Dakota,Not specified,0,Full-time (> 32 hours),1,,,1,0,0,0,62400.0,104000.0,83200.0,5,0,0,0,0,0,0,0,0,0,0,0
cfe89c2dfe74b952d6178cc5563fc7ae447b8b53,2024-09-16,2024-09,AI Data Trainer - Mathematics Specialist,ai data trainer mathematics specialist,AI Data Trainer,Outlier Ai,0,"Des Moines, IA",Iowa,Not specified,0,Full-time (> 32 hours),1,,,1,0,0,0,62400.0,104000.0,83200.0,5,0,0,0,0,0,0,0,0,0,0,0
956906685807da390e5a22cbd236412326e73005,2024-07-24,2024-07,Oracle Health Senior Consultant,health senior consultant,Consultant / Implementation,Oracle,1,"Saint Thomas, ND",North Dakota,Not specified,0,Part-time (â‰¤ 32 hours),0,,,0,0,0,1,51709.0,126110.0,88909.5,4,0,0,0,0,0,0,0,0,0,0,0
54abf5dd5b06100b901a4f7eb74343047cc93c2e,2024-09-20,2024-09,Oracle Health Consulting - Engagement Mgmt - Manager (M2),health consulting engagement mgmt manager m,Consultant / Implementation,Oracle,1,"Columbia, SC",South Carolina,Not specified,0,Part-time (â‰¤ 32 hours),0,6.0,6.0,1,0,0,0,77600.0,178200.0,127900.0,13,0,0,0,0,0,0,0,0,0,0,0
ee00c0bf47ddcaa3b471654a70ca52721f7a0334,2024-07-23,2024-07,Oracle NetSuite Senior Sales Consultant - Account Management Organization,netsuite senior sales consultant account management organization,Sales / Pre-Sales,Oracle,1,"Springfield, IL",Illinois,Not specified,0,Full-time (> 32 hours),1,3.0,,1,1,0,0,63003.0,159099.0,111051.0,57,0,0,1,1,0,0,0,0,0,0,0
6e9c004eaea5802ab04489c53e2923733000df09,2024-07-24,2024-07,Principal Data Analyst - Cloud Post-migration,principal data analyst cloud post migration,Data / BI Analyst,Atlassian,0,"Seattle, WA",Washington,Not specified,0,Full-time (> 32 hours),1,,,0,0,0,1,192000.0,212400.0,202200.0,1,0,0,0,0,0,0,0,0,0,0,0
15b221fb1eb863807eee52220be7db93907d1b63,2024-09-12,2024-09,Oracle Health Principal Consultant - Perioperative,health principal consultant perioperative,Consultant / Implementation,Oracle,1,"Boston, MA",Massachusetts,Not specified,0,Full-time (> 32 hours),1,8.0,,1,0,0,0,71200.0,158200.0,114700.0,15,0,0,0,0,0,0,0,0,0,0,0
e9e29b6101314aff5284ac9c66df657ee53929b4,2024-09-28,2024-09,"Senior Data Analyst, Market Analytics and Reporting (34543-EBOA)",senior data analyst market analytics and reporting eboa,Data / BI Analyst,MathWorks,0,"Natick, MA",Massachusetts,Not specified,0,Full-time (> 32 hours),1,6.0,,1,1,0,0,,,,27,1,1,0,1,0,0,0,0,0,0,0
474db278353d862dc6ce01b487f5d96190daecb5,2024-05-31,2024-05,"Manager, Partner Business Intelligence & Reporting",manager partner business intelligence reporting,Data / BI Analyst,Workday,0,"Frisco, TX",Texas,Not specified,0,Full-time (> 32 hours),1,5.0,,0,0,0,1,109400.0,204600.0,157000.0,35,1,0,1,0,0,0,1,0,0,0,0
cb9e364051968cddbde562dfffe168b255d97606,2024-07-03,2024-07,CX Cloud Consulting Technical Manager - Oracle Subscription Management Cloud,cx cloud consulting technical manager subscription management cloud,Consultant / Implementation,Oracle,1,"Gu-Win, AL",Alabama,Not specified,0,Full-time (> 32 hours),1,8.0,8.0,1,0,0,0,,,,24,0,0,0,0,0,0,0,0,0,0,0
a34a3ffd770aa14dc26f5e336d8657b4be5b7335,2024-07-03,2024-07,Oracle (FAH) Functional Consultant- Finance Accounting Hub,fah functional consultant finance accounting hub,Consultant / Implementation,Oracle,1,"Springfield, IL",Illinois,Not specified,0,Full-time (> 32 hours),1,,,1,0,0,0,88500.0,199500.0,144000.0,14,0,0,0,0,0,0,0,0,0,0,0
8b4cc5c73abca5d3f0cbf7b52bca3252dd5b7aff,2024-05-04,2024-05,Oracle Fusion Financials Functional Consultant- Public Sector,fusion financials functional consultant public sector,Consultant / Implementation,Oracle,1,"Columbus, OH",Ohio,Not specified,0,Full-time (> 32 hours),1,,,0,0,0,1,87000.0,178200.0,132600.0,8,0,0,0,0,0,0,0,0,0,0,0
9fe2eb3d1f6707bce5db08419543769a133b65a6,2024-07-22,2024-07,SAP S/4 HANA EWM Consultant,sap s hana ewm consultant,Consultant / Implementation,Scadea Solutions,0,"Las Vegas, NV",Nevada,Not specified,0,Full-time (> 32 hours),1,,,0,0,0,1,,,,1,0,0,0,0,0,0,0,0,0,0,0
9445befb30a7d5e534906222c8ac3126f7506601,2024-07-22,2024-07,"Staff Data Engineer, Analytics",staff data engineer analytics,Data / BI Analyst,Quizlet,0,"Los Angeles, CA",California,Not specified,0,Full-time (> 32 hours),1,8.0,,0,0,0,1,150000.0,200000.0,175000.0,24,1,1,0,0,0,1,0,0,0,1,0
d13cb6ef0b77905168b024234475a96d78600320,2024-09-13,2024-09,Point of Care Medication Administration and Specimen Collection - Oracle Health Principal Consultant,point of care medication administration and specimen collection health principal consultant,Consultant / Implementation,Oracle,1,"Albany, NY",New York,Not specified,0,Full-time (> 32 hours),1,8.0,,1,0,0,0,,,,16,0,0,0,0,0,0,0,0,0,0,0
4314d6baf4fb4526f054a725cda2a2053a788cb4,2024-09-13,2024-09,Oracle Health Principal Consultant - Scheduling,health principal consultant scheduling,Consultant / Implementation,Oracle,1,"Jefferson City, MO",Missouri,Not specified,0,Part-time (â‰¤ 32 hours),0,8.0,,1,0,0,0,71200.0,158200.0,114700.0,15,0,0,0,0,0,0,0,0,0,0,0
467a32dcb393f990e9e0e15ad8be2b8b4362d5af,2024-09-13,2024-09,Senior Principal Consultant - Manufacturing - NetSuite ACS,senior principal consultant manufacturing netsuite acs,Consultant / Implementation,Oracle,1,"Denver, CO",Colorado,Not specified,0,Part-time (â‰¤ 32 hours),0,6.0,6.0,1,0,0,0,76700.0,167000.0,121850.0,29,0,0,0,0,0,0,0,0,0,0,0
1c8e0398238613ffa8c34424b314ffe290109e95,2024-07-05,2024-07,Lead Data Analyst,lead data analyst,Data / BI Analyst,Brightwheel,0,"Remote, OR",Oregon,Remote,1,Full-time (> 32 hours),1,5.0,,0,0,0,1,118000.0,169000.0,143500.0,27,1,1,1,0,0,0,0,0,0,0,0
f28c1b65e3aeb7064e4e69f5090db363671545df,2024-08-08,2024-08,Data Analyst,data analyst,Data / BI Analyst,Lucid Software,0,"Salt Lake City, UT",Utah,Not specified,0,Full-time (> 32 hours),1,,,1,0,0,0,,,,22,1,0,0,0,1,0,0,0,0,0,0
0acbd7eab54ff2ccb074cf8c0dd40d144a2044d3,2024-07-09,2024-07,"Lead Analytics Consultant, Real World Data Insights",lead analytics consultant real world data insights,Data / BI Analyst,Healthverity,0,"Horsham, PA",Pennsylvania,Not Remote,0,Full-time (> 32 hours),1,3.0,,0,1,0,0,80000.0,190000.0,135000.0,43,1,1,0,0,0,0,0,0,0,0,0
9b1537636bb0ca46955c59e31e7f6b7699db6f23,2024-06-26,2024-06,Unifier Functional Consultant,unifier functional consultant,Consultant / Implementation,Oracle,1,"Springfield, IL",Illinois,Not specified,0,Full-time (> 32 hours),1,3.0,,1,0,0,0,71200.0,158200.0,114700.0,30,0,0,0,0,0,0,1,0,0,0,0
5914e89dcaaf0fcbfdad8a5d7339624dd0e4ea7f,2024-08-14,2024-08,Senior Consultant OneStream Implementations,senior consultant onestream implementations,Consultant / Implementation,Onestream Software,0,"Birmingham, MI",Michigan,Remote,1,Full-time (> 32 hours),1,,,1,1,0,0,100000.0,120000.0,110000.0,53,1,0,0,0,0,1,0,0,0,0,0
a0c89a96e6316a14b58db7660aa165147c41a7e5,2024-06-08,2024-06,Enterprise Cloud Architect,enterprise cloud architect,Architect / Engineer,Oracle,1,"Springfield, IL",Illinois,Not specified,0,Full-time (> 32 hours),1,10.0,,1,1,0,0,113000.0,185200.0,149100.0,44,0,0,0,0,0,0,0,1,1,1,0
c5538fa793fffc3da513af3bcf6272bb268dd5b1,2024-07-17,2024-07,Senior Sales Consultant - Oracle Restaurants,senior sales consultant restaurants,Sales / Pre-Sales,Oracle,1,"Springfield, IL",Illinois,Not specified,0,Full-time (> 32 hours),1,,,0,0,0,1,63003.0,159099.0,111051.0,8,0,0,0,0,0,0,0,0,0,0,0
b32a5e451112c943e72d238616c3e27eb3dee1c0,2024-05-14,2024-05,Senior Data Analyst,senior data analyst,Data / BI Analyst,Electronic Arts,0,"Orlando, FL",Florida,Not specified,0,Full-time (> 32 hours),1,4.0,,1,0,0,0,122300.0,170600.0,146450.0,27,1,0,1,1,0,0,0,0,0,0,0
1014a72dec914bcb75bc9666afa3b2c229cb0f08,2024-05-08,2024-05,OTC Analyst,otc analyst,Other Business / Analyst,Sage,0,"Lawrenceville, GA",Georgia,Hybrid Remote,0,Full-time (> 32 hours),1,2.0,,0,0,0,1,,,,17,0,0,0,0,0,0,0,0,0,0,0
e91276759bcb1aea26b2906fde3dc5eab0a09adc,2024-09-27,2024-09,Solution Specialist- EPM,solution specialist epm,Other Business / Analyst,Oracle,1,"Springfield, IL",Illinois,Not specified,0,Full-time (> 32 hours),1,5.0,5.0,0,0,0,1,112000.0,185200.0,148600.0,37,0,0,0,0,0,0,0,0,0,0,0
937ac22cb196f9765b8b8efd767222830ef99da3,2024-05-04,2024-05,Senior Data Analyst - Revenue,senior data analyst revenue,Data / BI Analyst,Fivetran,0,"Oakland, CA",California,Not specified,0,Full-time (> 32 hours),1,,,1,0,0,0,147200.0,147200.0,147200.0,33,1,1,1,0,1,0,0,0,0,0,0
21da820a1dd9245f12a696f253db26b8505ec75f,2024-05-02,2024-05,Data Analyst,data analyst,Data / BI Analyst,Design Works Studios,0,"Scottsdale, AZ",Arizona,Not specified,0,Full-time (> 32 hours),1,,,1,1,0,0,,,,28,1,1,0,1,1,0,0,1,0,0,0
4bf7f52b7ea32816a852cce43cfb9c791a3557af,2024-06-24,2024-06,Sr Consultant- Oracle Fusion Cloud SCM Modules,sr consultant fusion cloud scm modules,Consultant / Implementation,Oracle,1,"Providence, RI",Rhode Island,Not specified,0,Full-time (> 32 hours),1,5.0,,1,0,0,0,86900.0,178200.0,132550.0,18,0,0,0,0,0,0,0,0,0,0,0
97d7bd41cd8a21b56392b4c8681286e3f4dc04c7,2024-06-24,2024-06,Sr Consultant- Oracle Fusion Cloud SCM Modules,sr consultant fusion cloud scm modules,Consultant / Implementation,Oracle,1,"Springfield, IL",Illinois,Not specified,0,Full-time (> 32 hours),1,5.0,,1,0,0,0,86900.0,178200.0,132550.0,19,0,0,0,0,0,0,0,0,0,0,0
3809425671fa74571c725acaa7b5b3085ea00887,2024-06-24,2024-06,Data Analyst,data analyst,Data / BI Analyst,Scadea Solutions,0,"Jackson, MS",Mississippi,Not specified,0,Full-time (> 32 hours),1,,,0,0,0,1,,,,15,0,0,0,0,0,0,0,0,0,0,0
b52cd8bf8e507aba23b63a6ac3f8d9bc0417cea2,2024-05-27,2024-05,Sr. Payroll Implementation Consultant (Medium Enterprise),sr payroll implementation consultant medium enterprise,Consultant / Implementation,Workday,0,"Berwyn, PA",Pennsylvania,Not specified,0,Full-time (> 32 hours),1,10.0,,1,0,0,0,116900.0,175400.0,146150.0,15,0,0,0,0,0,0,0,0,0,0,0
6619d191fc12b4d33fca93367c753343b37cff15,2024-05-13,2024-05,Lead SaaS Techno-Functional Analyst (ERP),lead saas techno functional analyst erp,Consultant / Implementation,Oracle,1,"Helena, MT",Montana,Not specified,0,Full-time (> 32 hours),1,,,1,0,0,0,93496.0,199493.0,146494.5,10,0,0,0,0,0,0,0,0,0,0,0
d7c1f9e862118f2d47e9ae0330261bdd2ad33279,2024-08-01,2024-08,go to market data Analyst,go to market data analyst,Data / BI Analyst,IT First Source,0,"Denver, CO",Colorado,Not specified,0,Full-time (> 32 hours),1,5.0,,1,0,0,0,114400.0,114400.0,114400.0,29,0,0,1,1,0,0,0,0,0,0,0
5a4a5da04f1586f4a21454f3c920ab41b950ffb1,2024-09-05,2024-09,Principal Enterprise Architect,principal enterprise architect,Architect / Engineer,Finastra,0,"Norcross, GA",Georgia,Not specified,0,Full-time (> 32 hours),1,7.0,7.0,1,0,0,0,,,,45,0,1,0,0,0,0,0,1,1,0,0
7efe93c29f85f87e84e879e46836bb46fd47f24d,2024-07-06,2024-07,"Senior Manager, Analyst Relations, Oracle Health",senior manager analyst relations health,Other Business / Analyst,Oracle,1,"Springfield, IL",Illinois,Not specified,0,Full-time (> 32 hours),1,7.0,,0,0,0,1,97400.0,199500.0,148450.0,20,0,0,0,0,0,0,0,0,0,0,0
72c9f5d105bcd2f663976095c85fd7861f1174bc,2024-09-17,2024-09,Oracle Fusion SaaS Technical Analyst,fusion saas technical analyst,Other Business / Analyst,Oracle,1,"Olympia, WA",Washington,Remote,1,Part-time (â‰¤ 32 hours),0,,,0,0,0,1,69992.0,141294.0,105643.0,42,0,1,0,0,0,0,0,0,0,0,0
2bc0c7bdd246e62d688e6e4e9e770a58f3cdbba4,2024-07-09,2024-07,Senior Data Analyst,senior data analyst,Data / BI Analyst,Fourkites,0,"Chicago, IL",Illinois,Not specified,0,Full-time (> 32 hours),1,5.0,,1,1,0,0,,,,45,1,1,1,0,0,0,0,1,1,0,0
dba19d3ea206715e5205906acc27489be3788b7c,2024-08-17,2024-08,Data Scientist/Data Analyst,data scientist data analyst,Data Scientist / ML,Theoris Group,0,"Indianapolis, IN",Indiana,Not specified,0,Full-time (> 32 hours),1,5.0,,0,0,0,1,,,,13,0,0,0,0,0,0,0,1,1,0,0
ea03c7055a9e0fd694f136a3fddaaad2bc8d4b97,2024-06-12,2024-06,Senior Consultant (OneStream Implementations),senior consultant onestream implementations,Consultant / Implementation,Onestream Software,0,"Birmingham, MI",Michigan,Remote,1,Full-time (> 32 hours),1,,,1,1,0,0,100000.0,120000.0,110000.0,53,1,0,0,0,0,1,0,0,0,0,0
d20d24f506e680857b11cac7441cbbedf4201f60,2024-06-19,2024-06,Business Solution Architect,business solution architect,Architect / Engineer,Oracle,1,"Albany, NY",New York,Not specified,0,Full-time (> 32 hours),1,,,0,0,0,1,88500.0,199500.0,144000.0,28,1,0,0,0,0,0,0,0,0,0,0
34cbb07945a7bc190dcabb4bcb392f792313315f,2024-07-24,2024-07,Lead Data Annotation Analyst,lead data annotation analyst,Other Business / Analyst,Salesforce,0,"Palo Alto, CA",California,Not specified,0,Full-time (> 32 hours),1,,,0,0,0,1,115200.0,158400.0,136800.0,8,0,0,0,0,0,0,0,0,0,0,0
9e488e986b6d502f83138dfc3ee31962c8108113,2024-08-04,2024-08,Managing Principal Enterprise Architect,managing principal enterprise architect,Architect / Engineer,Adobe,0,"New York, NY",New York,Not specified,0,Full-time (> 32 hours),1,5.0,,0,0,0,1,328600.0,328600.0,328600.0,34,0,0,0,0,0,0,0,0,0,0,0
0bb40ea53fc4b9c94cc0ff747a5bd6365590b198,2024-05-03,2024-05,"Sr. Data Engineer, Analytics",sr data engineer analytics,Data / BI Analyst,Quizlet,0,"New York, NY",New York,Not specified,0,Full-time (> 32 hours),1,,,0,0,0,1,130000.0,190000.0,160000.0,22,1,0,0,0,0,1,0,0,0,1,0
e1d5bd15721c770e261142c04c84ea9013bed3cc,2024-09-20,2024-09,Oracle Health Consulting - Engagement Mgmt - Manager (M2),health consulting engagement mgmt manager m,Consultant / Implementation,Oracle,1,"Tallahassee, FL",Florida,Not specified,0,Part-time (â‰¤ 32 hours),0,6.0,6.0,1,0,0,0,77600.0,178200.0,127900.0,13,0,0,0,0,0,0,0,0,0,0,0
b3f124ecfc0fe1aa2bb2d2e9866c350b4e5dedba,2024-07-09,2024-07,Business Intelligence Analyst II,business intelligence analyst ii,Data / BI Analyst,Payscale,0,"Seattle, WA",Washington,Remote,1,Full-time (> 32 hours),1,2.0,,0,0,0,1,73600.0,110400.0,92000.0,42,1,0,1,0,0,0,0,0,0,0,0
1d09752b3131efe5ac7ebbdc023da051cb75060c,2024-09-24,2024-09,January - Oracle NetSuite Functional Associate Consultant,january netsuite functional associate consultant,Consultant / Implementation,Oracle,1,"Chicago, IL",Illinois,Not specified,0,Full-time (> 32 hours),1,,,1,0,0,0,41309.0,100006.0,70657.5,18,0,0,0,0,0,0,0,0,0,0,0
b1e3fa3d3e8520780e74596c36843166dda91549,2024-07-15,2024-07,Oracle EBS/Cloud Business Systems Analyst-REMOTE,oracle ebs cloud business systems analyst remote,Other Business / Analyst,Toppan Merrill,0,"Saint Paul, MN",Minnesota,Not specified,0,Full-time (> 32 hours),1,3.0,3.0,1,0,0,0,130000.0,140000.0,135000.0,18,0,0,0,0,0,0,0,0,0,0,0
2ecc92e337fed4454dbe6123fe01494cdce4c7c5,2024-09-19,2024-09,Principal - Enterprise Architect - Federal,principal enterprise architect federal,Architect / Engineer,Workday,0,"Denver, CO",Colorado,Not specified,0,Full-time (> 32 hours),1,,,1,0,0,0,157200.0,235600.0,196400.0,25,0,0,0,0,0,0,0,0,0,0,0
0c29fdafd5c97ace833bd5ed88e085dc5dba1d30,2024-09-28,2024-09,Oracle Health - Federal Senior Staff Test Consultant,health federal senior staff test consultant,Consultant / Implementation,Oracle,1,"Boston, MA",Massachusetts,Not specified,0,Full-time (> 32 hours),1,2.0,2.0,1,0,0,0,51709.0,126110.0,88909.5,17,0,0,0,0,0,0,0,0,0,0,0
6e216c73d9c26db264d2b79c87751ca039e24bae,2024-07-28,2024-07,"Sr Data Analyst, Sales Data & AnalyticsNew",sr data analyst sales data analyticsnew,Data / BI Analyst,Pagerduty,0,"San Francisco, CA",California,Not specified,0,Full-time (> 32 hours),1,,,0,0,0,1,156000.0,156000.0,156000.0,26,1,1,1,0,0,1,0,0,0,0,0
ed530e78ea7ae535417af33480a27746c864e35b,2024-05-02,2024-05,NetSuite Planning and Budgeting (NSPB) Functional Consultant - Principal Consultant,netsuite planning and budgeting nspb functional consultant principal consultant,Consultant / Implementation,Oracle,1,"Topeka, KS",Kansas,Not specified,0,Full-time (> 32 hours),1,5.0,5.0,1,0,0,0,66700.0,145000.0,105850.0,31,0,0,0,0,0,0,0,0,0,0,0
a303fe9e22a11f2aaea56537ccbc223e059624c7,2024-06-20,2024-06,"SAP S/4 FICO- ETRM Consultant_Houston, TX_Onsite: 50% onsite if not more during project deadlines",sap s fico etrm consultant onsite onsite if not more during project deadlines,Consultant / Implementation,Scadea Solutions,0,"Houston, TX",Texas,Not specified,0,Full-time (> 32 hours),1,,,0,0,0,1,,,,5,0,0,0,0,0,0,0,0,0,0,0
b12ee5a38614adb2f68fee3877bb976b5ca1d6b8,2024-09-24,2024-09,AI Data Trainer - Mathematics Specialist,ai data trainer mathematics specialist,AI Data Trainer,Outlier Ai,0,"Kenosha, WI",Wisconsin,Not specified,0,Full-time (> 32 hours),1,,,1,0,0,0,62400.0,104000.0,83200.0,5,0,0,0,0,0,0,0,0,0,0,0
9345764a08128bf6c7d1028841a64f79e5441145,2024-05-21,2024-05,Sr. Payroll Implementation Consultant (Medium Enterprise),sr payroll implementation consultant medium enterprise,Consultant / Implementation,Workday,0,"Birmingham, AL",Alabama,Not specified,0,Full-time (> 32 hours),1,10.0,,1,0,0,0,116900.0,175400.0,146150.0,13,0,0,0,0,0,0,0,0,0,0,0
01ee3e5ab8921ae3d951716fd0ca278b9293051d,2024-07-01,2024-07,Multi-Solution Architect - Sales Velocity,multi solution architect sales velocity,Sales / Pre-Sales,Adobe,0,"Seattle, WA",Washington,Not specified,0,Full-time (> 32 hours),1,,,1,1,0,0,267600.0,267600.0,267600.0,30,0,0,0,0,0,0,0,1,1,0,0
b5278ebb2c49acb24fc838586099b33237322647,2024-09-17,2024-09,Oracle Health Consulting - Engagement Mgmt - Manager (M2),health consulting engagement mgmt manager m,Consultant / Implementation,Oracle,1,"Annapolis, MD",Maryland,Not specified,0,Part-time (â‰¤ 32 hours),0,6.0,6.0,1,0,0,0,77600.0,178200.0,127900.0,13,0,0,0,0,0,0,0,0,0,0,0
3e3585b69ff1efbe2ec2f587ee60bfa03cb0145a,2024-08-02,2024-08,Security Technical Architect,security technical architect,Architect / Engineer,Microsoft,0,"Irvine, CA",California,Not specified,0,Full-time (> 32 hours),1,6.0,,1,1,0,0,129200.0,268900.0,199050.0,64,0,0,0,0,0,0,0,1,0,0,0
30a42358e36fffe0331ed5c9b05ca606b6c2f739,2024-08-02,2024-08,SAP WM/LE LEAD,sap wm le lead,Other Business / Analyst,Pandit View Software,0,"Chicago, IL",Illinois,Remote,1,Full-time (> 32 hours),1,,,1,0,0,0,,,,30,0,0,0,0,0,0,0,0,0,0,0
61a6f2fa769f64ca182c0cd1ee8a3dd391ae0d43,2024-06-24,2024-06,Sr Consultant-Public Sector- Oracle Fusion Cloud SCM Modules,sr consultant public sector fusion cloud scm modules,Consultant / Implementation,Oracle,1,"Boston, MA",Massachusetts,Not specified,0,Full-time (> 32 hours),1,5.0,,1,0,0,0,86900.0,178200.0,132550.0,19,0,0,0,0,0,0,0,0,0,0,0
1a6856f2eb6f58abb14b595723687cee82d7202d,2024-08-19,2024-08,Commercial Executive Enterprise,commercial executive enterprise,Other Business / Analyst,Microsoft,0,"Fruit Cove, FL",Florida,Not specified,0,Full-time (> 32 hours),1,12.0,,1,1,0,0,,,,23,0,0,0,0,0,0,0,0,0,0,0
9eaa0b2467c90f7f4fe944768b802291551cbcf5,2024-08-20,2024-08,OPM Techno-Functional Analyst,opm techno functional analyst,Consultant / Implementation,Oracle,1,"Boston, MA",Massachusetts,Not specified,0,Full-time (> 32 hours),1,8.0,,1,1,0,0,,,,19,1,0,0,0,0,0,0,0,0,0,0
2f37a7e21df3f26d2d975dc4d578ed0787479ed2,2024-08-20,2024-08,Data Analyst,data analyst,Data / BI Analyst,Microsoft,0,"Atlanta, GA",Georgia,Remote,1,Full-time (> 32 hours),1,6.0,,1,0,0,0,103800.0,200300.0,152050.0,14,0,0,0,0,0,0,0,0,0,0,0
7eab6d423aea49e48510051986d79b14199f2d92,2024-09-19,2024-09,System Architect,system architect,Architect / Engineer,Nutanix,0,"Colorado Springs, CO",Colorado,Not specified,0,Full-time (> 32 hours),1,,,1,1,0,0,100300.0,150400.0,125350.0,28,0,0,0,0,0,0,0,0,0,0,0
594dbdc85b140c38c57d967960bd75b06e900771,2024-09-11,2024-09,Senior Data Analyst,senior data analyst,Data / BI Analyst,Microsoft,0,"San Antonio, TX",Texas,Remote,1,Full-time (> 32 hours),1,6.0,,1,0,0,0,103800.0,200300.0,152050.0,18,0,0,0,0,0,0,0,1,0,0,0
0ef84924f1686cf538b8d83e013739956daa61a4,2024-06-28,2024-06,Oracle Payment Interface (OPI) Enablement Consultant,payment interface opi enablement consultant,Consultant / Implementation,Oracle,1,"Springfield, IL",Illinois,Not specified,0,Full-time (> 32 hours),1,1.0,,0,0,0,1,67000.0,141300.0,104150.0,6,0,0,0,0,0,0,0,0,0,0,0
6f463c43e667a11ee1686425ca3fd9a26119ef36,2024-08-06,2024-08,Sr. Business Intelligence Analyst,sr business intelligence analyst,Data / BI Analyst,Workday,0,"Pleasanton, CA",California,Not specified,0,Full-time (> 32 hours),1,7.0,,1,0,0,0,132200.0,198200.0,165200.0,27,1,1,1,1,0,1,0,0,0,0,0
0d00d2856aabcca05162b7c26eb501c7747f0a86,2024-08-06,2024-08,Corporate Systems Architect,corporate systems architect,Architect / Engineer,Tanium,0,"Durham, NC",North Carolina,Not specified,0,Full-time (> 32 hours),1,8.0,,1,0,0,0,110000.0,325000.0,217500.0,48,0,0,0,0,0,0,0,0,0,0,0
5eeedf9a60bdb3960f0ffad1126e9c8715a98c9d,2024-06-30,2024-06,"Oracle Field Service Cloud, Consulting Functional Manager",field service cloud consulting functional manager,Consultant / Implementation,Oracle,1,"Sacramento, CA",California,Not specified,0,Full-time (> 32 hours),1,5.0,,1,0,0,0,88500.0,199500.0,144000.0,19,0,0,0,0,0,0,0,0,0,0,0
860f99a07378afa7759691d9e30f44258155b8d5,2024-07-24,2024-07,Lead Gtm Analyst - Data Analytics,lead gtm analyst data analytics,Data / BI Analyst,Salesforce,0,"San Francisco, CA",California,Not specified,0,Full-time (> 32 hours),1,4.0,4.0,0,1,0,0,126600.0,190000.0,158300.0,25,1,0,1,0,1,0,0,0,0,0,0
29291b3a3da81ce4c6ee9895a54f09d54b6edd0d,2024-05-14,2024-05,Solutions Architect - Enterprise West,solutions architect enterprise west,Architect / Engineer,Informatica,0,"Chicago, IL",Illinois,Remote,1,Full-time (> 32 hours),1,12.0,,1,0,0,0,,,,9,0,0,0,0,0,0,0,0,0,0,0
1bdb1be9fd0bb6efe80713fec0ad9003e42adb34,2024-05-14,2024-05,Senior Data Analyst,senior data analyst,Data / BI Analyst,Epic Games,0,"Cary, NC",North Carolina,Not specified,0,Full-time (> 32 hours),1,,,0,0,0,1,120443.0,176649.0,148546.0,11,1,1,1,0,0,1,0,0,0,0,0
95cb9b7165b10e13a294a891f5191a647c8e3ad4,2024-07-18,2024-07,Cleared AWS ATO Specialist * Jobs,cleared aws ato specialist jobs,Other Business / Analyst,Virtual Service Operations,0,"Herndon, VA",Virginia,Not specified,0,Full-time (> 32 hours),1,5.0,,1,0,0,0,185000.0,205000.0,195000.0,22,0,0,0,0,0,0,0,0,0,0,0
8c097b28c8bcc7105761e0d489719eecc69c1409,2024-06-19,2024-06,Principal - Sales Analytics Analyst,principal sales analytics analyst,Data / BI Analyst,Atlassian,0,"San Francisco, CA",California,Not specified,0,Full-time (> 32 hours),1,5.0,,1,0,0,0,201300.0,268400.0,234850.0,14,1,0,1,0,0,0,0,0,0,0,0
23e5a2f67eebe24329795c8cb90f20cc560625a5,2024-06-19,2024-06,"Creative Technologist & Solution Architect, Enterprise",creative technologist solution architect enterprise,Architect / Engineer,Adobe,0,"Seattle, WA",Washington,Not specified,0,Full-time (> 32 hours),1,,,0,0,0,1,312200.0,312200.0,312200.0,29,0,1,0,0,0,0,0,0,0,0,0
770ce733303ecd6fb232bcee63b4afd057d4a074,2024-06-19,2024-06,ERP Program Analyst,erp program analyst,Other Business / Analyst,Kizen Technologies,0,"Tallahassee, FL",Florida,Not specified,0,Full-time (> 32 hours),1,3.0,,0,0,0,1,95576.0,95576.0,95576.0,25,0,0,0,0,0,0,0,0,0,0,0
4734bc716a065afa9bfa6f77c665c0b3b662af68,2024-05-18,2024-05,Principal Enterprise Architect,principal enterprise architect,Architect / Engineer,Microsoft,0,"Redmond, WA",Washington,Not specified,0,Full-time (> 32 hours),1,6.0,,1,0,0,0,133600.0,256800.0,195200.0,31,0,1,0,0,0,1,0,0,0,0,0
90d0e051e80197fdbb7c4c9f384352360d584511,2024-06-09,2024-06,Enterprise Imaging Consultant - PACS,enterprise imaging consultant pacs,Consultant / Implementation,Healthcare It Leaders,0,"New York, NY",New York,Hybrid Remote,0,Full-time (> 32 hours),1,,,0,0,0,1,,,,5,0,0,0,0,0,0,0,0,0,0,0
71f6dd780c2f1d5e82965385f95ae633d352f54a,2024-06-09,2024-06,Digital Transformer: Data Management & Analytics NEW,digital transformer data management analytics new,Data / BI Analyst,Insight Technology Solutions,0,"Washington, DC","Washington, D.C. (District of Columbia)",Not specified,0,Full-time (> 32 hours),1,7.0,,1,0,0,0,,,,32,1,0,1,1,0,0,0,0,0,0,0
5d819629abc7d172a7fa256a75193110af5d4d67,2024-08-21,2024-08,Principal - Enterprise Architect - Federal,principal enterprise architect federal,Architect / Engineer,Workday,0,"Raleigh, NC",North Carolina,Not specified,0,Full-time (> 32 hours),1,,,1,0,0,0,157200.0,235600.0,196400.0,25,0,0,0,0,0,0,0,0,0,0,0
7fb78076643765492fd19134556691bfeef02413,2024-06-18,2024-06,Widget Analyst,widget analyst,Other Business / Analyst,Brightmove,0,"Palmetto, FL",Florida,Remote,1,Full-time (> 32 hours),1,3.0,,1,0,0,0,20000.0,25000.0,22500.0,12,1,0,0,0,0,0,0,0,0,0,0
8910953739fdf3755f2f3626325a6007d4f2193b,2024-05-21,2024-05,Enterprise Imaging Consultant,enterprise imaging consultant,Consultant / Implementation,Healthcare It Leaders,0,"New York, NY",New York,Hybrid Remote,0,Full-time (> 32 hours),1,,,0,0,0,1,,,,6,0,0,0,0,0,0,0,0,0,0,0
e2aa83b07294584ded9b832cd17892a92b3f1141,2024-05-13,2024-05,NetSuite Data and Analytics Solution Specialist,netsuite data and analytics solution specialist,Data / BI Analyst,Oracle,1,"Helena, MT",Montana,Remote,1,Full-time (> 32 hours),1,,,0,0,0,1,90100.0,147600.0,118850.0,39,1,0,0,0,0,1,1,0,0,0,0
ecafb6f02e2ae89b22371169cc2d42a72839b21a,2024-05-13,2024-05,Oracle Customer Solutions for Industries CX Portal Architect | Consulting,customer solutions for industries cx portal architect consulting,Consultant / Implementation,Oracle,1,"Helena, MT",Montana,Remote,1,Full-time (> 32 hours),1,10.0,,0,0,0,1,88500.0,199500.0,144000.0,20,0,0,0,0,0,0,0,0,0,0,0
cb323e37bb50dc3cae7d9d8f98ce92a6385dff15,2024-05-16,2024-05,Oracle Business Architecture Consultant NAA (North American Applications),business architecture consultant naa north american applications,Consultant / Implementation,Oracle,1,"Albany, NY",New York,Remote,1,Part-time (â‰¤ 32 hours),0,10.0,,0,0,0,1,121805.0,199493.0,160649.0,33,0,0,0,0,0,0,0,0,0,0,0
3a6b5d9db54d5bf06fb08ea69cfe9e47e7daff96,2024-05-16,2024-05,Knowledge Management Specialist: Data Management & Analytics with Security Clearance,knowledge management specialist data management analytics with security clearance,Data / BI Analyst,Insight Technology Solutions,0,"Washington, VA",Virginia,Not specified,0,Full-time (> 32 hours),1,7.0,,1,0,0,0,,,,34,1,0,1,1,0,0,0,0,0,0,0
4f21e902b5c589143f25cd1053532efa3a974b14,2024-05-31,2024-05,SAP Functional Analyst,sap functional analyst,Consultant / Implementation,Kizen Technologies,0,"Tallahassee, FL",Florida,Not specified,0,Full-time (> 32 hours),1,3.0,,0,0,0,1,104374.0,104374.0,104374.0,23,0,0,0,0,0,0,0,0,0,0,0
d816d46ffd2b36e0ae9cca9890672582757aa9b0,2024-05-31,2024-05,Sr Consultant- Oracle SCM Procurement and Costing,sr consultant scm procurement and costing,Consultant / Implementation,Oracle,1,"Springfield, IL",Illinois,Not specified,0,Full-time (> 32 hours),1,5.0,,1,0,0,0,86900.0,178200.0,132550.0,20,0,0,0,0,0,0,0,0,0,0,0
1ff6bf22dee84efb2c165ff92485b959e1478102,2024-09-20,2024-09,Oracle Technical Pre-Sales Consultant - Oracle Cloud HCM & ERP - Senior Sales Consultant - Remote,technical pre sales consultant cloud hcm erp senior sales consultant remote,Sales / Pre-Sales,Oracle,1,"Saint Paul, MN",Minnesota,Remote,1,Part-time (â‰¤ 32 hours),0,10.0,,0,0,0,1,63003.0,159099.0,111051.0,40,1,0,0,0,0,0,0,0,0,0,0
0974796cdc3254fb7e01dd009d4be4d701331c6a,2024-06-25,2024-06,Technical Architect,technical architect,Architect / Engineer,Salesforce,0,"New York, NY",New York,Remote,1,Full-time (> 32 hours),1,5.0,,0,0,0,1,151800.0,227700.0,189750.0,26,0,0,0,0,0,0,0,0,0,0,0
ed5693fe2798b1564ce5e450dd68106fe4df90cb,2024-07-16,2024-07,Sr SAP Security Administrator (W2-Hybrid) - FORD,sr sap security administrator w hybrid ford,Other Business / Analyst,Informatica,0,"Dearborn, MI",Michigan,Not specified,0,Full-time (> 32 hours),1,7.0,,1,0,0,0,,,,23,0,0,0,0,0,0,0,0,0,0,0
6cd2738418df6d07dea2621b1300a84e9e0486a1,2024-07-02,2024-07,Data Engineering Architect/ Enterprise Architect,data engineering architect enterprise architect,Architect / Engineer,Global Bridge Infotech,0,"Irving, TX",Texas,Not specified,0,Full-time (> 32 hours),1,,,0,0,0,1,,,,3,0,0,0,0,0,0,0,0,0,0,0
5292fadfb170785286a9b36cabb9da1a1b8769fc,2024-06-26,2024-06,Senior Data Analyst,senior data analyst,Data / BI Analyst,Zoom Video Communications,0,"San Jose, CA",California,Remote,1,Full-time (> 32 hours),1,5.0,,0,1,0,0,154000.0,175000.0,164500.0,15,1,1,1,0,0,0,0,0,0,0,0
807ee1a328510379f0b0a137c0db5eb241011f5a,2024-06-26,2024-06,Principal SAP ACM Consultant,principal sap acm consultant,Consultant / Implementation,SAP,0,"Newtown Square, PA",Pennsylvania,Not specified,0,Full-time (> 32 hours),1,7.0,,1,0,0,0,,,,22,0,0,0,0,0,0,0,0,0,0,0
f89fa60924acc9f8f4358fda3c3d047e8af27c37,2024-06-25,2024-06,Cloud Consulting Senior Practice Director - ERP Fusion Cloud Financials,cloud consulting senior practice director erp fusion cloud financials,Consultant / Implementation,Oracle,1,"Lincoln, NE",Nebraska,Not specified,0,Full-time (> 32 hours),1,,,0,0,0,1,154800.0,338600.0,246700.0,29,0,0,0,0,0,0,0,0,0,0,0
40d8e08a65890971ded209c7facd1b4f3221650d,2024-06-19,2024-06,Data Analyst,data analyst,Data / BI Analyst,Microsoft,0,"San Antonio, TX",Texas,Remote,1,Full-time (> 32 hours),1,2.0,,1,0,0,0,108900.0,183000.0,145950.0,13,0,0,0,0,0,0,0,0,0,0,0
0094418d419dc3a48fda36e0f6f5d4f41fd32459,2024-06-19,2024-06,"Senior Architect, Data Analytics /AI-ML",senior architect data analytics ai ml,Data Scientist / ML,Guidewire Software,0,"San Mateo, CA",California,Not specified,0,Full-time (> 32 hours),1,5.0,,1,1,0,0,180000.0,210000.0,195000.0,51,0,1,0,0,1,1,0,0,1,0,1
408511aa4b0cd2fc89fa47d78e72c48743fc1d63,2024-09-13,2024-09,Oracle Health Principal Consultant - Perioperative,health principal consultant perioperative,Consultant / Implementation,Oracle,1,"Oklahoma City, OK",Oklahoma,Not specified,0,Part-time (â‰¤ 32 hours),0,8.0,,1,0,0,0,71200.0,158200.0,114700.0,15,0,0,0,0,0,0,0,0,0,0,0
da1507d939935e195b5f807d7a453e73cbfcc3ab,2024-08-22,2024-08,SAP ABAP/BTP S/4 HANA Consultant,sap abap btp s hana consultant,Consultant / Implementation,Scadea Solutions,0,"San Francisco, CA",California,Not specified,0,Full-time (> 32 hours),1,10.0,10.0,0,0,0,1,,,,12,0,0,0,0,0,0,0,0,0,0,0
45a9e20c4112d57fdb56d4e640317c58ec7a6f0b,2024-08-22,2024-08,Oracle Order Management and Pricing Architect (Senior Cloud Manager) - Oracle Consulting,order management and pricing architect senior cloud manager consulting,Consultant / Implementation,Oracle,1,"Boston, MA",Massachusetts,Not specified,0,Full-time (> 32 hours),1,6.0,,0,0,0,1,88500.0,199500.0,144000.0,22,0,0,0,0,0,0,0,0,0,0,0
3faaba7da543b5490779980dcccb24102d5745b9,2024-08-22,2024-08,Oracle Cloud SCM Technical Lead,oracle cloud scm technical lead,Other Business / Analyst,Agility Software Solutions,0,"Atlanta, GA",Georgia,Not specified,0,Full-time (> 32 hours),1,12.0,,0,0,0,1,,,,6,0,0,0,0,0,0,0,0,0,0,0
1a27ad235d864c431737ddf6e138303e5a2098ab,2024-07-25,2024-07,System Owner,system owner,Other Business / Analyst,Electronic Arts,0,"Austin, TX",Texas,Not specified,0,Full-time (> 32 hours),1,4.0,,0,0,0,1,122400.0,176300.0,149350.0,19,0,0,0,0,0,0,0,0,0,0,0
9366159b2406f58e81530073de5d5e1aea690b43,2024-06-11,2024-06,"Enterprise Cloud Architect, Oracle North America Cloud Engineering - Financial Services",enterprise cloud architect north america cloud engineering financial services,Architect / Engineer,Oracle,1,"Springfield, IL",Illinois,Not specified,0,Full-time (> 32 hours),1,10.0,,1,1,0,0,113000.0,185200.0,149100.0,49,0,0,0,0,0,0,0,1,1,1,0
8a07eeee1646f137e120e95d90b6684b1c81fd0e,2024-07-05,2024-07,"Manager, Business Intelligence",manager business intelligence,Data / BI Analyst,Firework,0,"San Mateo, CA",California,Not specified,0,Full-time (> 32 hours),1,5.0,,1,0,0,0,130000.0,140000.0,135000.0,32,1,0,0,0,1,0,0,0,0,0,0
e122e724906835ae5e9e30c0e9951fa2f812cf5b,2024-09-03,2024-09,CX Cloud Consulting Technical Manager - Oracle Subscription Management Cloud,cx cloud consulting technical manager subscription management cloud,Consultant / Implementation,Oracle,1,"Indianapolis, IN",Indiana,Not specified,0,Part-time (â‰¤ 32 hours),0,5.0,,1,0,0,0,88500.0,199500.0,144000.0,22,0,0,0,0,0,0,0,0,0,0,0
9d58427cc5a1ff5528c6364d557b6a211743345d,2024-05-04,2024-05,Oracle (FAH) Functional Consultant- Finance Accounting Hub,fah functional consultant finance accounting hub,Consultant / Implementation,Oracle,1,"Raleigh, NC",North Carolina,Not specified,0,Full-time (> 32 hours),1,,,0,0,0,1,88500.0,199500.0,144000.0,12,0,0,0,0,0,0,0,0,0,0,0
c329661c455eee7f8f145cd74ce03797818272b0,2024-09-20,2024-09,"Software Architect, Enterprise Systems - SAP S/4HANA",software architect enterprise systems sap s hana,Architect / Engineer,Autodesk,0,"San Francisco, CA",California,Remote,1,Full-time (> 32 hours),1,12.0,,0,0,0,1,,,,30,0,0,0,0,0,0,0,0,0,0,0
2380446cf0119c406c8f5207d816e327c3312a00,2024-09-11,2024-09,Global Category Manager,global category manager,Other Business / Analyst,Microsoft,0,"Atlanta, GA",Georgia,Hybrid Remote,0,Full-time (> 32 hours),1,6.0,,1,1,0,0,122000.0,200500.0,161250.0,32,0,0,0,0,0,0,0,0,0,0,0
1205b7db64d897e7fbf4e44762328e7f8b46acff,2024-08-08,2024-08,Solution Area Specialist - Virtualization Specialist,solution area specialist virtualization specialist,Other Business / Analyst,Microsoft,0,"New York, NY",New York,Remote,1,Full-time (> 32 hours),1,6.0,,1,1,0,0,106100.0,203500.0,154800.0,24,0,0,0,0,0,0,0,1,0,0,0
9687c5397e10f87f22c7e2da2aba6f3f192e4f36,2024-06-20,2024-06,"Senior Analyst, Data Visualization & Analytics",senior analyst data visualization analytics,Data / BI Analyst,Salesforce,0,"San Francisco, CA",California,Not specified,0,Full-time (> 32 hours),1,3.0,3.0,0,0,0,1,105600.0,145200.0,125400.0,26,0,0,1,0,0,0,0,0,0,0,0
dd048adec0b3f26b87fa9c4eb450d949fc276808,2024-06-20,2024-06,Advanced Data & Analytics Architect,advanced data analytics architect,Data / BI Analyst,Smiley Technologies,0,"Little Rock, AR",Arkansas,Not specified,0,Full-time (> 32 hours),1,,,1,1,0,0,,,,54,1,0,1,1,0,0,0,1,0,0,0
5fc28fbd49307b7ffc28bcf1cdf48833880762f8,2024-06-25,2024-06,"Data Analyst, TIDAL",data analyst tidal,Data / BI Analyst,Block,0,"Boston, MA",Massachusetts,Remote,1,Full-time (> 32 hours),1,4.0,,1,0,0,0,,,,25,1,0,1,0,1,0,0,0,0,0,0
1dfad9577e19b750a25061f4b88a65c86314590b,2024-06-24,2024-06,Data Analytics Lead,data analytics lead,Data / BI Analyst,Salesforce,0,"San Francisco, CA",California,Not specified,0,Full-time (> 32 hours),1,5.0,,1,1,0,0,140000.0,192500.0,166250.0,29,1,1,0,0,0,0,0,0,0,0,0
657443e11955af8d782af98933ec32a319edc9d2,2024-06-24,2024-06,Cloud Consulting Senior Practice Director - ERP Fusion Cloud Financials,cloud consulting senior practice director erp fusion cloud financials,Consultant / Implementation,Oracle,1,"Providence, RI",Rhode Island,Not specified,0,Full-time (> 32 hours),1,,,0,0,0,1,154800.0,338600.0,246700.0,29,0,0,0,0,0,0,0,0,0,0,0
93a3a89b2cbeabb48fe8d6c3bf95f64dc271459a,2024-09-23,2024-09,"Principal Consultant, Oracle ERP Security",principal consultant erp security,Consultant / Implementation,Oracle,1,"Santa Fe, NM",New Mexico,Not specified,0,Part-time (â‰¤ 32 hours),0,4.0,4.0,0,0,0,1,66700.0,145000.0,105850.0,13,0,0,0,0,0,0,0,0,0,0,0
9bac28fc3eae0e00e8f185bd025238ed869fc2a7,2024-05-26,2024-05,"Global Pipeline Analytics, Sr. Analyst/Manager",global pipeline analytics sr analyst manager,Data / BI Analyst,Salesforce,0,"San Francisco, CA",California,Not specified,0,Full-time (> 32 hours),1,,,0,0,0,1,,,,9,0,0,0,0,0,0,0,0,0,0,0
3785bbea83d27e9ef5ab63bdc6fd9642fd87cd6f,2024-05-26,2024-05,Sr. Principal Consultant - Manufacturing - NetSuite ACS,sr principal consultant manufacturing netsuite acs,Consultant / Implementation,Oracle,1,"Albany, NY",New York,Not specified,0,Full-time (> 32 hours),1,6.0,6.0,1,0,0,0,,,,15,0,0,0,0,0,0,0,0,0,0,0
c55636b44fe7eff2520c18be5b1d68edc9e1b014,2024-05-15,2024-05,Data Analyst with AWS QuickSight Experience,data analyst with aws quicksight experience,Data / BI Analyst,Nexsolv,0,"Linthicum Heights, MD",Maryland,Not specified,0,Full-time (> 32 hours),1,,,1,0,0,0,,,,19,1,0,0,0,0,0,0,0,0,0,0
024e7578cab378cf351f42abd338ffedaed5d852,2024-05-24,2024-05,"SAP FICO Consultant with RAR and TAX_ Austin, TX(Onsite)",sap fico consultant with rar and tax onsite,Consultant / Implementation,Scadea Solutions,0,"Austin, TX",Texas,Not specified,0,Full-time (> 32 hours),1,,,0,0,0,1,,,,45,0,0,0,1,0,0,1,0,0,0,0
389a61b34650dae8234c888bb704524fa8699f50,2024-05-24,2024-05,Sales Operations Anaylst,sales operations anaylst,Sales / Pre-Sales,Mimecast,0,"Lexington, MA",Massachusetts,Not specified,0,Full-time (> 32 hours),1,,,0,0,0,1,,,,14,0,0,1,0,0,0,1,0,0,0,0
548c315525a8bd290ae2f687365d0dbd5a70083d,2024-07-01,2024-07,Senior Consultant- Oracle Order Management and Pricing,senior consultant order management and pricing,Consultant / Implementation,Oracle,1,"Tallahassee, FL",Florida,Not specified,0,Full-time (> 32 hours),1,5.0,,1,0,0,0,86900.0,178200.0,132550.0,19,0,0,0,0,0,0,0,0,0,0,0
b6b0e1644b34804afc38ad582b4d781829703aac,2024-09-16,2024-09,AI Data Trainer - Mathematics Specialist,ai data trainer mathematics specialist,AI Data Trainer,Outlier Ai,0,"Charlotte, NC",North Carolina,Not specified,0,Full-time (> 32 hours),1,,,1,0,0,0,62400.0,104000.0,83200.0,5,0,0,0,0,0,0,0,0,0,0,0
2499fcdcfb492a2dc7b06efe30561557070bb207,2024-09-16,2024-09,AI Data Trainer - Mathematics Specialist,ai data trainer mathematics specialist,AI Data Trainer,Outlier Ai,0,"Cheyenne, WY",Wyoming,Not specified,0,Full-time (> 32 hours),1,,,1,0,0,0,62400.0,104000.0,83200.0,5,0,0,0,0,0,0,0,0,0,0,0
d064ef120f0fdd9931e03e3e8b59bcefd0205e0e,2024-07-23,2024-07,Senior Data Analyst,senior data analyst,Data / BI Analyst,Microsoft,0,"New York, NY",New York,Not specified,0,Full-time (> 32 hours),1,,,0,0,0,1,,,,1,0,0,0,0,0,0,0,0,0,0,0
73ae7e2a3342beeb5482f151865026760f65ff6e,2024-08-22,2024-08,Oracle Order Management and Pricing Architect (Senior Cloud Manager) - Oracle Consulting,order management and pricing architect senior cloud manager consulting,Consultant / Implementation,Oracle,1,"Springfield, IL",Illinois,Not specified,0,Full-time (> 32 hours),1,6.0,,0,0,0,1,88500.0,199500.0,144000.0,22,0,0,0,0,0,0,0,0,0,0,0
5b31a6c175a65f8866802eb8e2b6d2448797ffe8,2024-08-22,2024-08,SAP Senior Condition Contract & Settlement Mgmt Consultant,sap senior condition settlement mgmt consultant,Consultant / Implementation,SAP,0,"Reston, VA",Virginia,Not specified,0,Full-time (> 32 hours),1,,,0,0,0,1,,,,5,0,0,0,0,0,0,0,0,0,0,0
ea51a202feee9b68dd80b9071284f06927a8388c,2024-07-22,2024-07,Business Intelligence Apprentice,business intelligence apprentice,Data / BI Analyst,Altruist,0,"Los Angeles, CA",California,Not specified,0,Full-time (> 32 hours),1,,,1,0,0,0,70000.0,95000.0,82500.0,24,1,0,1,1,0,0,0,0,0,0,0
d1d0d32fd963bad8c1966b233296c75294d2972c,2024-06-26,2024-06,Senior SAP CTRM Consultant,senior sap ctrm consultant,Consultant / Implementation,SAP,0,"Newtown Square, PA",Pennsylvania,Not specified,0,Full-time (> 32 hours),1,5.0,,1,0,0,0,,,,26,0,0,0,0,0,0,0,0,0,0,0
52c0067a00260ac34163cd2956bebb6c18231026,2024-08-12,2024-08,Data Analyst (Only locals to PA/NJ),data analyst only locals to pa nj,Data / BI Analyst,Tekcogno,0,"Philadelphia, PA",Pennsylvania,Remote,1,Full-time (> 32 hours),1,8.0,,1,0,0,0,70867.0,100000.0,85433.5,27,1,0,0,0,0,0,0,0,0,0,0
1400ab59c389a1cf62049e226a8d859fdef2051d,2024-09-24,2024-09,AI Data Trainer - Mathematics Specialist,ai data trainer mathematics specialist,AI Data Trainer,Outlier Ai,0,"Columbia, MD",Maryland,Not specified,0,Full-time (> 32 hours),1,,,1,0,0,0,62400.0,104000.0,83200.0,5,0,0,0,0,0,0,0,0,0,0,0
00fbe40704cf6319cee4f70ff50543950496e709,2024-07-12,2024-07,Staff Data Analyst,staff data analyst,Data / BI Analyst,Maven Clinic,0,"New York, NY",New York,Not specified,0,Full-time (> 32 hours),1,7.0,,0,0,0,1,160000.0,240000.0,200000.0,25,1,1,1,0,0,0,0,0,0,0,0
e322a31740b703187e7b7971681c1fc25560f2a7,2024-07-12,2024-07,SAP Quality Assurance Analyst (ECC/ SDU),sap quality assurance analyst ecc sdu,Other Business / Analyst,Kizen Technologies,0,"Tallahassee, FL",Florida,Not specified,0,Full-time (> 32 hours),1,5.0,5.0,0,0,0,1,94869.0,94869.0,94869.0,31,1,0,0,0,0,0,0,0,0,0,0
0f6d520dc570cc920c6b8629cf3b14bf853f27ab,2024-09-19,2024-09,Azure SAP Global Black Belt Specialist,azure sap global black belt specialist,Other Business / Analyst,Microsoft,0,"Fruit Cove, FL",Florida,Not specified,0,Full-time (> 32 hours),1,,,0,0,0,1,,,,50,0,0,0,0,0,0,0,1,0,0,0
8ab73b5617f052d6e517767ee9d407aa8e2b11f2,2024-08-14,2024-08,Data Analyst SME,data analyst sme,Data / BI Analyst,Penta Research,0,"Huntsville, AL",Alabama,Not specified,0,Full-time (> 32 hours),1,,,0,0,0,1,,,,4,0,0,0,0,0,0,0,0,0,0,0
f33417da03ee3c7784483300950fac17a57ba9ed,2024-07-03,2024-07,"Senior Implementation Consultant, ERP",senior implementation consultant erp,Consultant / Implementation,Ems Linq,0,"Charleston, SC",South Carolina,Remote,1,Full-time (> 32 hours),1,4.0,,1,0,0,0,,,,19,0,0,0,0,0,0,0,0,0,0,0
e27adce29d194a2410316329b32f845c9a9a6b29,2024-07-02,2024-07,"Senior Implementation Consultant, ERP",senior implementation consultant erp,Consultant / Implementation,Ems Linq,0,"Houston, TX",Texas,Remote,1,Full-time (> 32 hours),1,4.0,,1,0,0,0,,,,16,0,0,0,0,0,0,0,0,0,0,0
499b3c59c6fde54626d110118a00997a2999910d,2024-08-17,2024-08,"Solution Architect (Cloud Consulting Director) - Oracle Supply Chain Management, Oracle Consulting",solution architect cloud consulting director supply chain management consulting,Consultant / Implementation,Oracle,1,"Helena, MT",Montana,Not specified,0,Part-time (â‰¤ 32 hours),0,10.0,,1,0,0,0,120100.0,251600.0,185850.0,17,0,0,0,0,0,0,0,0,0,0,0
9d39fa52a2f77e75a6b7715b4e27f67ff420ed6d,2024-09-15,2024-09,"Senior Manager,  Oracle Health Analytics Consulting, Analytics Center of Excellence, Consulting Services (Consulting Practice Manager) Consulting Practice Manager",senior manager health analytics consulting analytics center of excellence consulting services consulting practice manager consulting practice manager,Data / BI Analyst,Oracle,1,"Boston, MA",Massachusetts,Not specified,0,Full-time (> 32 hours),1,2.0,,1,0,0,0,106100.0,251600.0,178850.0,20,0,0,0,0,0,0,0,0,0,0,0
469b5a594d17090332d2dcd8136ce6d387397b16,2024-05-20,2024-05,NetSuite Planning and Budgeting (NSPB) Functional Consultant - Principal Consultant,netsuite planning and budgeting nspb functional consultant principal consultant,Consultant / Implementation,Oracle,1,"Charleston, WV",West Virginia,Not specified,0,Full-time (> 32 hours),1,5.0,5.0,1,0,0,0,66700.0,145000.0,105850.0,29,0,0,0,0,0,0,0,0,0,0,0
533fe1d011feef5f276315298cf2d7ac48bd970a,2024-09-12,2024-09,Senior Consultant- Oracle Order Management and Pricing,senior consultant order management and pricing,Consultant / Implementation,Oracle,1,"Columbia, SC",South Carolina,Not specified,0,Full-time (> 32 hours),1,5.0,,1,0,0,0,86900.0,178200.0,132550.0,19,0,0,0,0,0,0,0,0,0,0,0
e1c2e7d3151fca422318f7c05fc5792e50e96b90,2024-09-20,2024-09,Consulting Functional Manager,consulting functional manager,Consultant / Implementation,Oracle,1,"Boston, MA",Massachusetts,Not specified,0,Full-time (> 32 hours),1,,,0,0,0,1,88500.0,199500.0,144000.0,38,0,0,0,0,0,0,0,0,0,0,0
e108606e9e2a11a11e0169d4a84ac3d784770b9c,2024-09-17,2024-09,"Enterprise Cloud Architect, Integration - North America Cloud Engineering",enterprise cloud architect integration north america cloud engineering,Architect / Engineer,Oracle,1,"Boston, MA",Massachusetts,Not specified,0,Full-time (> 32 hours),1,10.0,,1,1,0,0,137900.0,232300.0,185100.0,49,0,0,0,0,0,0,0,1,1,1,0
276f28a6fa183559f133b9897c280c4c9f71382c,2024-09-17,2024-09,Oracle (FAH) Functional Consultant- Finance Accounting Hub,fah functional consultant finance accounting hub,Consultant / Implementation,Oracle,1,"Phoenix, AZ",Arizona,Not specified,0,Part-time (â‰¤ 32 hours),0,,,1,0,0,0,88500.0,199500.0,144000.0,14,0,0,0,0,0,0,0,0,0,0,0
555ff85972c2738e601a1523560d6022566793ae,2024-06-13,2024-06,Business Architect,business architect,Architect / Engineer,BMC Software,0,"Houston, TX",Texas,Not specified,0,Full-time (> 32 hours),1,6.0,,1,0,0,0,127308.0,209000.0,168154.0,24,0,0,0,0,0,0,0,0,0,0,0
1ff49855cce0dbfd460a0492af6a68d6b8bde8c8,2024-09-17,2024-09,Implementation Analyst,implementation analyst,Consultant / Implementation,Rldatix,0,"Carmel, IN",Indiana,Not specified,0,Full-time (> 32 hours),1,,,0,0,0,1,70000.0,80000.0,75000.0,10,0,0,0,0,0,0,0,0,0,0,0
238dd0fa2714c6650e211962a4ef3876cbd255b7,2024-06-18,2024-06,2024 Q3 EXT Senior Data Analyst,q ext senior data analyst,Data / BI Analyst,Yello,0,"[Unknown City], IL",Illinois,Remote,1,Full-time (> 32 hours),1,2.0,2.0,1,1,0,0,100000.0,130000.0,115000.0,38,1,1,1,1,1,0,0,0,0,0,0
ef336e76978ebd12a820749d890e61e899778a7e,2024-06-18,2024-06,Enterprise Architect- Financial Services,enterprise architect financial services,Architect / Engineer,Oracle,1,"Vienna, VA",Virginia,Hybrid Remote,0,Full-time (> 32 hours),1,,,0,0,0,1,120100.0,251600.0,185850.0,17,0,0,0,0,0,0,0,0,0,0,0
8151d2a043c3df453a9d76165ecfdabac5d75566,2024-05-25,2024-05,Oracle SCM Consulting Lead,scm consulting lead,Consultant / Implementation,Oracle,1,"Des Moines, IA",Iowa,Not specified,0,Full-time (> 32 hours),1,,,0,0,0,1,88500.0,199500.0,144000.0,13,0,0,0,0,0,0,0,0,0,0,0
c0c4245f3ff26fb264f969f6257f11ee2297e960,2024-06-07,2024-06,NetSuite ERP Functional Consultant - NetSuite - ACS,netsuite erp functional consultant netsuite acs,Consultant / Implementation,Oracle,1,"Sacramento, CA",California,Not specified,0,Part-time (â‰¤ 32 hours),0,5.0,5.0,1,0,0,0,66700.0,145000.0,105850.0,42,0,0,0,0,0,0,0,0,0,0,0
442d606c018e6b0bfce4a2b570ff550fba3b45d3,2024-09-23,2024-09,Business Intelligence Analyst (Remote),business intelligence analyst remote,Data / BI Analyst,Peddle,0,"Austin, TX",Texas,Remote,1,Full-time (> 32 hours),1,5.0,,0,0,0,1,,,,12,1,1,1,0,0,0,0,0,0,0,0
1d4dc09e157884877abae15b01aeb891a6509277,2024-09-05,2024-09,"Sr. Business Intelligence Analyst, Global Procurement Office",sr business intelligence analyst global procurement office,Data / BI Analyst,Workday,0,"Atlanta, GA",Georgia,Not specified,0,Full-time (> 32 hours),1,7.0,,1,0,0,0,132200.0,198200.0,165200.0,27,1,1,1,1,0,1,0,0,0,0,0
330ec0c7e2bb7244d43f8595d2ce8e64a281705c,2024-09-05,2024-09,"Regarding a Full-Time Role: Data Governance Analyst. Location: 1775 Tysons Blvd, VA.",regarding a role data governance analyst location blvd va,Other Business / Analyst,Satsyil,0,"Tysons, VA",Virginia,Not specified,0,Full-time (> 32 hours),1,5.0,,0,0,0,1,,,,15,0,0,0,0,0,0,0,0,0,0,0
ff604ef6104b9369df384b7bf70fa5b24961ba24,2024-05-28,2024-05,"Enterprise Solutions Architect, Staff",enterprise solutions architect staff,Architect / Engineer,Synopsys,0,"Sunnyvale, CA",California,Not specified,0,Full-time (> 32 hours),1,5.0,,1,0,0,0,110000.0,164000.0,137000.0,27,0,1,0,0,0,0,0,0,0,0,0
ef1cef1dbce5542a92fd31d2dc107c6ea92c0685,2024-05-28,2024-05,"Software Development, Staff",software development staff,Other Business / Analyst,Synopsys,0,"Sunnyvale, CA",California,Not specified,0,Full-time (> 32 hours),1,8.0,,0,0,0,1,110000.0,166000.0,138000.0,27,0,0,0,0,0,0,0,0,0,0,0
91631d23a86744ec0225815b78b1a2f4284d01ca,2024-07-19,2024-07,Heroku Senior Technical Architect,heroku senior technical architect,Architect / Engineer,Salesforce,0,"San Francisco, CA",California,Not specified,0,Full-time (> 32 hours),1,8.0,,0,1,0,0,157900.0,217200.0,187550.0,43,0,1,0,0,0,0,0,0,0,0,0
bc2425c127527c53a27a0b8dbde1ebd5a90d51ce,2024-07-01,2024-07,Multi-Solution Architect - Sales Velocity,multi solution architect sales velocity,Sales / Pre-Sales,Adobe,0,"San Jose, CA",California,Not specified,0,Full-time (> 32 hours),1,,,1,1,0,0,267600.0,267600.0,267600.0,30,0,0,0,0,0,0,0,1,1,0,0
862a146eec0ab3c2da78e36c3b79b0a879659cb6,2024-07-01,2024-07,Enterprise Deal Manager,enterprise deal manager,Other Business / Analyst,Atlassian,0,"San Francisco, CA",California,Remote,1,Full-time (> 32 hours),1,3.0,,1,0,0,0,130700.0,174300.0,152500.0,35,0,0,0,0,0,0,1,0,0,0,0
67f1a166b3a04230afb0a8d192349499276b9eb0,2024-09-25,2024-09,SAP ePPDS,sap eppds,Other Business / Analyst,Virtue Corporate Group,0,"Atlanta, GA",Georgia,Not specified,0,Full-time (> 32 hours),1,,,1,0,0,0,,,,40,0,0,0,0,0,0,0,0,0,0,0
9050147724b4ea12a2e15db60dc629e8bd8610b6,2024-09-25,2024-09,Oracle Health Principal Consultant - Community Living Centers (CLC),health principal consultant community living centers clc,Consultant / Implementation,Oracle,1,"Boston, MA",Massachusetts,Not specified,0,Full-time (> 32 hours),1,8.0,,0,0,0,1,71200.0,158200.0,114700.0,11,0,0,0,0,0,0,0,0,0,0,0
de7743e0ea35caaa26ac12c80c409f94b6301b09,2024-09-14,2024-09,Oracle Health Senior Organizational Change Consultant,health senior organizational change consultant,Consultant / Implementation,Oracle,1,"Columbus, OH",Ohio,Not specified,0,Part-time (â‰¤ 32 hours),0,6.0,,1,0,0,0,71200.0,158200.0,114700.0,19,0,0,0,0,0,0,0,0,0,0,0
869a2c7991f0d69d99bedbbb5e1eab09538b17c1,2024-09-14,2024-09,Oracle Health - Principal Consultant - Physician Track,health principal consultant physician track,Consultant / Implementation,Oracle,1,"Boston, MA",Massachusetts,Not specified,0,Full-time (> 32 hours),1,8.0,,0,0,0,1,71200.0,158200.0,114700.0,10,0,0,0,0,0,0,0,0,0,0,0
0e5f1be982d0f8fe554fb138d6288c1f31bee2fb,2024-08-17,2024-08,"Solution Architect (Cloud Consulting Director) - Oracle Supply Chain Management, Oracle Consulting",solution architect cloud consulting director supply chain management consulting,Consultant / Implementation,Oracle,1,"Denver, CO",Colorado,Not specified,0,Part-time (â‰¤ 32 hours),0,10.0,,1,0,0,0,120100.0,251600.0,185850.0,17,0,0,0,0,0,0,0,0,0,0,0
c0449f1eb36efc39770617b6a1b3e0f0abbb2611,2024-06-12,2024-06,Business Intelligence Analyst (Las Vegas),business intelligence analyst,Data / BI Analyst,Skillz,0,"Las Vegas, NV",Nevada,Not specified,0,Full-time (> 32 hours),1,2.0,,0,0,0,1,,,,7,1,0,1,0,0,0,0,0,0,0,0
bef655f117d21b3a1715a4d28f3ecf7f72701b4e,2024-09-10,2024-09,Oracle Health Principal Consultant - Acute Case Management,health principal consultant acute case management,Consultant / Implementation,Oracle,1,"Boston, MA",Massachusetts,Not specified,0,Full-time (> 32 hours),1,8.0,,1,0,0,0,71200.0,158200.0,114700.0,15,0,0,0,0,0,0,0,0,0,0,0
1980fe25300c5362508fe6cdd3c65592209f100c,2024-06-18,2024-06,"Data Analyst, Sales Renewals",data analyst sales renewals,Data / BI Analyst,Dynatrace,0,"Detroit, MI",Michigan,Not specified,0,Full-time (> 32 hours),1,1.0,,0,0,0,1,46000.0,55000.0,50500.0,32,0,0,0,0,0,0,1,0,0,0,0
9ecc8aec8e2fa0400eae082c24d2012c8489fa71,2024-08-19,2024-08,Data & Analytics Consultant III,data analytics consultant iii,Data / BI Analyst,RealPage,0,"Richardson, TX",Texas,Not specified,0,Full-time (> 32 hours),1,8.0,,1,0,0,0,,,,31,0,0,0,0,0,0,1,0,0,0,0
0f971ed5f916310be7a8e93e620e74c20626e46e,2024-08-05,2024-08,Oracle NAAC Functional Cloud Analyst,naac functional cloud analyst,Consultant / Implementation,Oracle,1,"Austin, TX",Texas,Not specified,0,Full-time (> 32 hours),1,,,1,0,0,0,41309.0,100006.0,70657.5,33,0,0,0,0,0,0,0,0,0,0,0
d46ba47642e3069c641e70f483fe988493a560fd,2024-07-18,2024-07,SAP PP Analyst,sap pp analyst,Other Business / Analyst,Scadea Solutions,0,"Casa Grande, AZ",Arizona,Not specified,0,Full-time (> 32 hours),1,2.0,2.0,1,0,0,0,,,,11,0,0,0,0,0,0,0,0,0,0,0
607015c086e10a0c336da9bd7fd0cb29832ebd8c,2024-08-08,2024-08,Data Operations Analyst,data operations analyst,Other Business / Analyst,Autodesk,0,"San Francisco, CA",California,Remote,1,Full-time (> 32 hours),1,,,0,1,0,0,108098.0,133800.0,120949.0,29,0,0,0,1,1,0,0,0,0,0,0
be5b98c2f3ae58cc1918b95a1d28027760267604,2024-09-18,2024-09,Data Analyst,data analyst,Data / BI Analyst,Sumeru,0,"Columbia, SC",South Carolina,Not specified,0,Full-time (> 32 hours),1,,,0,0,0,1,45760.0,60320.0,53040.0,16,1,1,0,1,0,0,0,0,0,0,0
228b3074ab144c192b179c0ee09cd87f2b45803a,2024-09-30,2024-09,Capacity Data Analyst,capacity data analyst,Data / BI Analyst,Microsoft,0,"San Antonio, TX",Texas,Remote,1,Full-time (> 32 hours),1,2.0,,1,0,0,0,108900.0,183000.0,145950.0,23,1,1,1,1,0,0,0,0,0,0,0
8281fd933a89692fa8fa27e012ea6be9fdf14d6e,2024-08-22,2024-08,"Principal Business Intelligence Analyst (Remote, United States)",principal business intelligence analyst remote united states,Data / BI Analyst,Dynatrace,0,"Waltham, MA",Massachusetts,Not specified,0,Full-time (> 32 hours),1,,,0,0,0,1,,,,1,0,0,0,0,0,0,0,0,0,0,0
ebceda9b9dde6cac7bc2f873685250eed3bf75f3,2024-08-22,2024-08,"Lead Data Analyst (Remote, United States)",lead data analyst remote united states,Data / BI Analyst,Dynatrace,0,"Waltham, MA",Massachusetts,Not specified,0,Full-time (> 32 hours),1,4.0,,0,0,0,0,105000.0,115000.0,110000.0,24,0,0,0,1,1,0,0,0,0,0,0
4a7d54c7301b59de069a62dd7321c519164e15a6,2024-08-22,2024-08,Oracle Technical Pre-Sales Consultant - Oracle Cloud HCM & ERP - Senior Sales Consultant - Remote,technical pre sales consultant cloud hcm erp senior sales consultant remote,Sales / Pre-Sales,Oracle,1,"Honolulu, HI",Hawaii,Remote,1,Part-time (â‰¤ 32 hours),0,10.0,,0,0,0,1,63003.0,159099.0,111051.0,40,1,0,0,0,0,0,0,0,0,0,0
2613b9227a797bae73d09dc90a95bf8741b608b4,2024-05-15,2024-05,SAP Functional Analyst_ with CD/ Subledger_Hybrid,sap functional analyst with cd subledger hybrid,Consultant / Implementation,Scadea Solutions,0,"New York, NY",New York,Not specified,0,Full-time (> 32 hours),1,5.0,,1,0,0,0,,,,16,0,0,0,0,0,0,0,0,0,0,0
d2c6d72c68b43c3980eaa006e9e664ba91fc49db,2024-05-10,2024-05,"Data Analyst - Owing Mills, MD (Local Only)",data analyst owing mills md local only,Data / BI Analyst,Sumeru,0,"Owings Mills, MD",Maryland,Not specified,0,Full-time (> 32 hours),1,8.0,8.0,1,0,0,0,,,,18,1,0,0,0,0,0,0,0,0,0,0
58e538de5e76e0d38137fb26bf6a8876f935fb4e,2024-05-16,2024-05,Staff Data Analyst,staff data analyst,Data / BI Analyst,Airship,0,"Portland, OR",Oregon,Remote,1,Full-time (> 32 hours),1,,,0,0,0,1,132000.0,149000.0,140500.0,22,1,0,1,0,0,0,0,0,0,0,0
53c45d27c9afbbcb3ff124bd5c665d8fc993d499,2024-05-09,2024-05,QA Analyst,qa analyst,Other Business / Analyst,Edz Systems,0,"Leawood, KS",Kansas,Remote,1,Full-time (> 32 hours),1,6.0,,0,0,0,1,83200.0,104000.0,93600.0,24,0,0,0,0,0,0,0,0,0,0,0
12a705b1f6a525d73f17b932d4c63ee00e4ff6e1,2024-07-18,2024-07,"Customer Support Analyst - Absence, Time Tracking and Scheduling",customer support analyst absence time tracking and scheduling,Other Business / Analyst,Workday,0,"Pleasanton, CA",California,Not specified,0,Full-time (> 32 hours),1,,,0,0,0,1,102800.0,154200.0,128500.0,23,0,0,0,0,0,0,0,0,0,0,0
b933a40fd862aa139d987962e5570a1b4e97072a,2024-09-04,2024-09,Sr. Oracle Cloud SCM Functional Consultant,sr oracle cloud scm functional consultant,Consultant / Implementation,Think Big Solutions,0,"Phoenix, AZ",Arizona,Not specified,0,Full-time (> 32 hours),1,,,0,0,0,1,145600.0,145600.0,145600.0,5,0,0,0,0,0,0,0,0,0,0,0
4e493c6f7d8d11b54098455684c0e4ab4197b83e,2024-07-27,2024-07,CPQ Techno-Functional Analyst,cpq techno functional analyst,Consultant / Implementation,Oracle,1,"Springfield, IL",Illinois,Not specified,0,Full-time (> 32 hours),1,6.0,,1,1,0,0,78998.0,158205.0,118601.5,32,0,0,0,0,0,0,0,0,0,0,0
15c15eeaab64fdd8ba6dae0d1acb0f9eba7b262f,2024-08-26,2024-08,TOSCA Lead,tosca lead,Other Business / Analyst,Tekcogno,0,"Dallas, TX",Texas,Remote,1,Full-time (> 32 hours),1,,,0,0,0,1,109725.0,120000.0,114862.5,8,0,0,0,0,0,0,0,0,0,0,0
626ec655bc478814887d9f5ec24c1a071c40e19a,2024-08-20,2024-08,Senior Consultant- Oracle Global Trade Mgmt (GTM) and Transportation Mgmt (OTM),senior consultant global trade mgmt gtm and transportation mgmt otm,Consultant / Implementation,Oracle,1,"Bismarck, ND",North Dakota,Not specified,0,Part-time (â‰¤ 32 hours),0,5.0,,1,0,0,0,86900.0,178200.0,132550.0,19,0,0,0,0,0,0,0,0,0,0,0
4c5d64c15ae93efbd9a19eec0d9a1e9fa6556faf,2024-07-23,2024-07,Data Analyst II,data analyst ii,Data / BI Analyst,Microsoft,0,"New York, NY",New York,Not specified,0,Full-time (> 32 hours),1,3.0,,1,1,0,0,83400.0,183000.0,133200.0,31,1,1,0,1,1,0,0,1,0,0,0
689870d13636e45574219c34819eed0585fdd757,2024-08-05,2024-08,Oracle Fusion SaaS Technical Analyst,fusion saas technical analyst,Other Business / Analyst,Oracle,1,"Boston, MA",Massachusetts,Remote,1,Full-time (> 32 hours),1,,,0,0,0,1,69992.0,141294.0,105643.0,45,0,1,0,0,0,0,0,0,0,0,0
c48b252de5dafd48380c53a1d4c0a00e4f4baf5b,2024-08-05,2024-08,Data Analyst - Rhode Island Locals ONLY,data analyst rhode island locals only,Data / BI Analyst,Securekloud Technologies,0,"Cranston, RI",Rhode Island,Not specified,0,Full-time (> 32 hours),1,3.0,,0,0,0,1,,,,5,0,0,0,0,0,0,0,0,0,0,0
e0bc9210f01e0abf40327e7ad3ea5d4715c06398,2024-06-27,2024-06,Principal Business Intelligence Analyst,principal business intelligence analyst,Data / BI Analyst,Oracle,1,"Lansing, MI",Michigan,Not specified,0,Full-time (> 32 hours),1,,,0,0,0,1,73800.0,178200.0,126000.0,23,1,1,1,0,0,0,0,0,0,0,0
25cb0f7a8b1cfcefaf9b06acfc094b5547ec94cd,2024-08-06,2024-08,Data Modeler I,data modeler i,Data / BI Analyst,Mediquant,0,"Independence, OH",Ohio,Not specified,0,Full-time (> 32 hours),1,,,1,0,0,0,,,,38,1,0,0,0,0,0,0,0,0,0,0
debc2305f0e5ef22e4e3d92cd825f141c43112a0,2024-08-30,2024-08,Senior Technical Support - HCM Cloud,senior technical support hcm cloud,Other Business / Analyst,Oracle,1,"Boston, MA",Massachusetts,Not specified,0,Full-time (> 32 hours),1,5.0,,0,0,0,1,66206.0,141294.0,103750.0,21,1,0,0,0,0,0,0,0,0,0,0
12b0eafe8a00b41723a482e5c717aac11744ad08,2024-09-11,2024-09,"SAP S4 HANA, ERP & CRM Consultant -ONSITE (Hybrid)- Tallahassee FL",sap s hana erp crm consultant onsite hybrid,Consultant / Implementation,Securekloud Technologies,0,"Tallahassee, FL",Florida,Not specified,0,Full-time (> 32 hours),1,3.0,,1,0,0,0,,,,33,0,0,0,0,0,0,0,0,0,0,0
534f8a5dd24efa697cb8bb32a2f82cff487c93ca,2024-09-10,2024-09,Oracle Health Principal Consultant - Federal Clinical Laboratory Solutions,health principal consultant federal clinical laboratory solutions,Consultant / Implementation,Oracle,1,"Boston, MA",Massachusetts,Not specified,0,Full-time (> 32 hours),1,8.0,,1,0,0,0,71200.0,158200.0,114700.0,15,0,0,0,0,0,0,0,0,0,0,0
a77f780d11e53cc9cdfa258780f943b5b1c3020a,2024-08-31,2024-08,Oracle Business Intelligence Techno-Functional Consultant,business intelligence techno functional consultant,Data / BI Analyst,Oracle,1,"Springfield, IL",Illinois,Remote,1,Full-time (> 32 hours),1,10.0,,1,0,0,0,87006.0,178194.0,132600.0,48,0,1,1,1,0,1,0,1,1,0,0
de6c2d0e1ad8b31f9219d68f7930edbee356f3e2,2024-08-04,2024-08,"Solution Architect (Cloud Consulting Director) - Oracle Supply Chain Management, Oracle Consulting",solution architect cloud consulting director supply chain management consulting,Consultant / Implementation,Oracle,1,"Topeka, KS",Kansas,Not specified,0,Part-time (â‰¤ 32 hours),0,10.0,,1,0,0,0,120100.0,251600.0,185850.0,17,0,0,0,0,0,0,0,0,0,0,0
9965ea49fa6e10650379f57b34baae629b85722e,2024-09-03,2024-09,Oracle Cloud SCM Functional Consultant - GA - Onsite,oracle cloud scm functional consultant ga onsite,Consultant / Implementation,Agility Software Solutions,0,"Atlanta, GA",Georgia,Not specified,0,Full-time (> 32 hours),1,12.0,,0,0,0,1,,,,14,0,0,0,0,0,0,0,0,0,0,0
e49fe4e810cc18f83ce0e52ee81f32257009c3e7,2024-09-16,2024-09,"Senior Manager, Oracle Health Analytics Consulting, Analytics Center of Excellence, Consulting Serv",senior manager health analytics consulting analytics center of excellence consulting serv,Data / BI Analyst,Oracle,1,"Atlanta, GA",Georgia,Not specified,0,Part-time (â‰¤ 32 hours),0,2.0,,1,0,0,0,106100.0,251600.0,178850.0,20,0,0,0,0,0,0,0,0,0,0,0
8d57cef239baa64d959c46f5f718e31b3f26764d,2024-09-23,2024-09,2025 University Graduate - Business Architect,university graduate business architect,Architect / Engineer,Adobe,0,"San Francisco, CA",California,Not specified,0,Full-time (> 32 hours),1,,,1,0,0,0,141600.0,141600.0,141600.0,14,0,0,0,0,0,0,0,0,0,0,0
ebc822c7881a6eff881b4e600ae3443ebc9357e0,2024-09-23,2024-09,"Oracle BRM Technical Lead Consultant:: Dallas , TX Onsite 3 days /Week",oracle brm technical lead consultant onsite days week,Consultant / Implementation,Nexwave,0,"Dallas, TX",Texas,Not specified,0,Full-time (> 32 hours),1,,,0,0,0,1,,,,7,0,0,0,0,0,0,0,0,0,0,0
1ff495a8c6dc89f4db725c6a9f0f051bafe5a71a,2024-06-19,2024-06,Functional Analyst with TS/SCI,functional analyst with ts sci,Consultant / Implementation,Paragon Cyber Solutions,0,"Virginia Beach, VA",Virginia,Not specified,0,Full-time (> 32 hours),1,10.0,,1,0,0,0,,,,26,0,0,0,0,0,0,0,0,0,0,0
4ff2d82dd2092200d85a4b596be0c0b7a7bc0e38,2024-09-14,2024-09,Oracle Health Senior Organizational Change Consultant,health senior organizational change consultant,Consultant / Implementation,Oracle,1,"Raleigh, NC",North Carolina,Not specified,0,Part-time (â‰¤ 32 hours),0,6.0,,1,0,0,0,71200.0,158200.0,114700.0,19,0,0,0,0,0,0,0,0,0,0,0
ba9ba34b76f7acc0da7dfdb379984fcb4ac2d952,2024-06-04,2024-06,Customer Success Operations Data Analyst,customer success operations data analyst,Data / BI Analyst,BMC Software,0,"Houston, TX",Texas,Not specified,0,Full-time (> 32 hours),1,,,1,0,0,0,,,,31,1,0,1,0,0,0,1,0,0,0,0
83379c4c2851dc8235babd72c83f9c12616dd190,2024-05-02,2024-05,NetSuite Planning and Budgeting (NSPB) Functional Consultant - Principal Consultant,netsuite planning and budgeting nspb functional consultant principal consultant,Consultant / Implementation,Oracle,1,"[Unknown City], MA",Massachusetts,Not specified,0,Full-time (> 32 hours),1,5.0,5.0,1,0,0,0,66700.0,145000.0,105850.0,26,0,0,0,0,0,0,0,0,0,0,0
ef56c3f4beaae70e5fd767b882b4045d57ea9256,2024-05-08,2024-05,SAP S4 HANA SD VC Consultant,sap s hana sd vc consultant,Consultant / Implementation,Scadea Solutions,0,"Dallas, TX",Texas,Not specified,0,Full-time (> 32 hours),1,,,0,0,0,1,,,,7,0,0,0,0,0,0,0,0,0,0,0
af86e8ce518e4926a5dee8b3a90a38d0c0d923ec,2024-07-31,2024-07,"Sr. Enterprise Architect, AI",sr enterprise architect ai,Architect / Engineer,Workday,0,"San Jose, CA",California,Not specified,0,Full-time (> 32 hours),1,4.0,,1,1,0,0,138500.0,208000.0,173250.0,26,0,0,0,0,1,1,0,0,0,0,0
4600bdc1911dab8ee47a592fa5cf85da1bf73983,2024-07-28,2024-07,Oracle Health Senior Consultant,health senior consultant,Consultant / Implementation,Oracle,1,"Little Rock, AR",Arkansas,Not specified,0,Full-time (> 32 hours),1,,,0,0,0,1,51709.0,126110.0,88909.5,4,0,0,0,0,0,0,0,0,0,0,0
153662a4c678e5388e0dfe2ea4681952cd013276,2024-07-26,2024-07,Sitecore Aarchitect,sitecore aarchitect,Architect / Engineer,Iris Software,0,"Parsippany-Troy Hills, NJ",New Jersey,Hybrid Remote,0,Full-time (> 32 hours),1,10.0,,1,1,0,0,,,,45,1,1,0,0,0,0,0,1,0,1,0
5d4274998ab6b37fabfd6538e1325949310950b2,2024-08-01,2024-08,Senior Data Analyst,senior data analyst,Data / BI Analyst,Hi Marley,0,"Boston, MA",Massachusetts,Not specified,0,Full-time (> 32 hours),1,,,0,0,0,1,,,,1,0,0,0,0,0,0,0,0,0,0,0
d63bd881d5499e67a155a107565042f730566a06,2024-08-01,2024-08,Data Visualization Journalist,data visualization journalist,Other Business / Analyst,First Databank (Fdb),0,"Washington, DC","Washington, D.C. (District of Columbia)",Not specified,0,Full-time (> 32 hours),1,3.0,3.0,1,0,0,0,100000.0,110000.0,105000.0,29,0,1,1,0,0,0,0,0,0,0,0
971d0d3f76b264c9294a30ee12911f308675fbd2,2024-07-31,2024-07,Oracle HCM Technical Analyst,oracle hcm technical analyst,Other Business / Analyst,Healthcare It Leaders,0,"[Unknown City], NJ",New Jersey,Hybrid Remote,0,Full-time (> 32 hours),1,5.0,,0,0,0,1,,,,19,0,0,0,0,0,0,0,0,0,0,0
0c2dabf323d1c058f1d2c5a5c39b807fdaac076d,2024-07-31,2024-07,Associate Business Intelligence Analyst,associate business intelligence analyst,Data / BI Analyst,Autodesk,0,"San Francisco, CA",California,Not specified,0,Full-time (> 32 hours),1,,,1,0,0,0,,,,35,1,1,0,1,1,0,1,0,0,0,0
099b2838939da1dd901f7510722210b0f19e73c9,2024-08-07,2024-08,"Senior Manager, Analyst Relations, Oracle Health",senior manager analyst relations health,Other Business / Analyst,Oracle,1,"Frankfort, KY",Kentucky,Not specified,0,Full-time (> 32 hours),1,7.0,,0,0,0,1,97400.0,199500.0,148450.0,20,0,0,0,0,0,0,0,0,0,0,0
790c3184ba9f05213a1048eb93b440bd90194666,2024-06-25,2024-06,"Senior Data Analyst, Live Ops Analytics",senior data analyst live ops analytics,Data / BI Analyst,Activision Blizzard,0,"Los Angeles, CA",California,Not specified,0,Full-time (> 32 hours),1,5.0,,1,0,0,0,,,,18,1,0,0,0,1,0,0,0,0,0,0
7424196f121390f2987f80ab02c25152987b364f,2024-09-13,2024-09,SCM Cloud Techno-Functional Analyst,scm cloud techno functional analyst,Consultant / Implementation,Oracle,1,"Hartford, CT",Connecticut,Remote,1,Part-time (â‰¤ 32 hours),0,,,0,0,0,1,69992.0,141294.0,105643.0,20,1,0,0,0,0,0,0,0,0,0,0
60450ae7c59d42fef1046a4fd3a15041c2e0d2ff,2024-09-13,2024-09,Oracle Health Principal Consultant - Health Information Management,health principal consultant health information management,Consultant / Implementation,Oracle,1,"Phoenix, AZ",Arizona,Not specified,0,Part-time (â‰¤ 32 hours),0,8.0,,1,0,0,0,71200.0,158200.0,114700.0,15,0,0,0,0,0,0,0,0,0,0,0
76464c47ce29025d57fe7b141d6cb777f311bf29,2024-08-24,2024-08,"Senior Manager, Analyst Relations, Oracle NetSuite (REMOTE)",senior manager analyst relations netsuite remote,Other Business / Analyst,Oracle,1,"Santa Fe, NM",New Mexico,Remote,1,Part-time (â‰¤ 32 hours),0,7.0,,0,0,0,1,97400.0,199500.0,148450.0,19,0,0,0,0,0,0,0,0,0,0,0
f3a814a52e53363c0e93d8e00e0a3fb3419fe2f8,2024-08-24,2024-08,"ERP Industry Sales Executive - Hi Tech, West Coast",erp industry sales executive hi tech west coast,Sales / Pre-Sales,Oracle,1,"Montpelier, VT",Vermont,Remote,1,Full-time (> 32 hours),1,8.0,,1,0,0,0,,,,29,0,0,0,0,0,0,0,0,0,0,0
55dc35b13c8dbf483bc5c98f14f772928ee1b225,2024-08-24,2024-08,"ERP Industry Sales Executive - Hi Tech, West Coast",erp industry sales executive hi tech west coast,Sales / Pre-Sales,Oracle,1,"Salem, OR",Oregon,Remote,1,Full-time (> 32 hours),1,8.0,,1,0,0,0,,,,29,0,0,0,0,0,0,0,0,0,0,0
caa5bf6a3cdecf53eba00d0388cf8359d3203e40,2024-08-24,2024-08,"Senior Manager, Analyst Relations, Oracle NetSuite (REMOTE)",senior manager analyst relations netsuite remote,Other Business / Analyst,Oracle,1,"Denver, CO",Colorado,Remote,1,Part-time (â‰¤ 32 hours),0,7.0,,0,0,0,1,97400.0,199500.0,148450.0,19,0,0,0,0,0,0,0,0,0,0,0
650d7a65b685082f742c5a0a897734948b6ecbe7,2024-08-24,2024-08,"Senior Manager, Analyst Relations, Oracle NetSuite (REMOTE)",senior manager analyst relations netsuite remote,Other Business / Analyst,Oracle,1,"Augusta, ME",Maine,Remote,1,Part-time (â‰¤ 32 hours),0,7.0,,0,0,0,1,97400.0,199500.0,148450.0,19,0,0,0,0,0,0,0,0,0,0,0
4b897a4334fb02b7c21a3ce225e703fc0a472026,2024-09-12,2024-09,Sr. Business Architect,sr business architect,Architect / Engineer,Adobe,0,"San Jose, CA",California,Not specified,0,Full-time (> 32 hours),1,10.0,,1,0,0,0,239800.0,239800.0,239800.0,24,0,0,0,0,0,0,0,0,0,0,0
160f6e2dcc0a2e23f7b9c5589a09d45d5f0628d4,2024-09-05,2024-09,Enterprise Architect,enterprise architect,Architect / Engineer,Mentormate,0,"Dallas, TX",Texas,Not specified,0,Full-time (> 32 hours),1,15.0,,0,0,0,1,,,,32,0,0,0,0,0,0,0,0,0,0,0
9f4cfbcd34eef187f1119b7fa2afaab323d4e0bd,2024-08-09,2024-08,Senior Principal Engineer - Enterprise Architect - Observability,senior principal engineer enterprise architect observability,Architect / Engineer,Atlassian,0,"Moffett Field, CA",California,Not specified,0,Full-time (> 32 hours),1,10.0,,1,1,0,0,234100.0,312100.0,273100.0,30,0,0,0,0,0,0,0,1,1,0,0
779fa15887ee03ea7ee0746f2b03cb559f1d9c5c,2024-08-19,2024-08,Oracle SCM Cloud Applications Solution Advisor,scm cloud applications solution advisor,Other Business / Analyst,Oracle,1,"Olympia, WA",Washington,Not specified,0,Part-time (â‰¤ 32 hours),0,,,0,0,0,1,120100.0,500000.0,310050.0,34,0,0,0,0,0,0,0,0,0,0,0
cf6aeb147b97a3df6464449c215156ae35aada7e,2024-09-17,2024-09,Implementation Analyst,implementation analyst,Consultant / Implementation,Rldatix,0,"Chicago, IL",Illinois,Hybrid Remote,0,Full-time (> 32 hours),1,,,0,0,0,1,70000.0,80000.0,75000.0,10,0,0,0,0,0,0,0,0,0,0,0
43933b081a84374c7e508aeebbdf44dc08d18b28,2024-06-10,2024-06,Epic Certified Clarity Data Analyst - Rev Cycle,epic certified clarity data analyst rev cycle,Data / BI Analyst,Divurgent,0,"[Unknown City], NJ",New Jersey,Not specified,0,Full-time (> 32 hours),1,4.0,,1,0,0,0,,,,28,1,0,0,0,0,0,0,0,0,0,0
01fa58c3b9303e78bcfd72a3832e3776593cf923,2024-09-13,2024-09,SAP PP Support specialist - Hybrid,sap pp support specialist hybrid,Other Business / Analyst,Virtue Corporate Group,0,"Detroit, MI",Michigan,Not specified,0,Full-time (> 32 hours),1,,,0,0,0,1,,,,2,0,0,0,0,0,0,0,0,0,0,0
c416d1e2afd4e592060e2b8981cbc7600eabf8e2,2024-06-18,2024-06,"Sales Operations Analyst - Business Intelligence (Hybrid, Wlatham)",sales operations analyst business intelligence hybrid wlatham,Data / BI Analyst,Dynatrace,0,"Waltham, MA",Massachusetts,Remote,1,Full-time (> 32 hours),1,,,0,0,0,1,,,,18,1,0,0,1,0,0,1,0,0,0,0
3df8fa706f63277bdb9e46384ce3c1d337da4e17,2024-09-30,2024-09,Enterprise Data & Analytics Product Owner,enterprise data analytics product owner,Data / BI Analyst,Amplitude,0,"San Francisco, CA",California,Not specified,0,Full-time (> 32 hours),1,5.0,,0,0,0,1,140000.0,210000.0,175000.0,45,1,0,1,0,0,0,0,0,0,0,0
d72e078dc242cf22ca19c78cc3576c5f0999efe5,2024-09-30,2024-09,Data Analytics Lead,data analytics lead,Data / BI Analyst,Salesforce,0,"San Francisco, CA",California,Remote,1,Full-time (> 32 hours),1,5.0,,1,1,0,0,141523.0,192500.0,167011.5,19,1,1,1,1,0,0,0,0,0,0,0
f85dd4a35e7006efbff3e27fe5db732b1941e162,2024-05-17,2024-05,Oracle Cloud ERP Financial Consulting Lead - Public Sector ( US Remote),cloud erp financial consulting lead public sector us remote,Consultant / Implementation,Oracle,1,"Helena, MT",Montana,Remote,1,Full-time (> 32 hours),1,5.0,,1,0,0,0,88500.0,199500.0,144000.0,23,0,0,0,0,0,0,0,0,0,0,0
7bd37cb7fbaf0037b099d58b3fc5dcd5d5f3bf17,2024-05-12,2024-05,"Senior Manager, Analyst Relations, Oracle Fusion Cloud ERP (REMOTE)",senior manager analyst relations fusion cloud erp remote,Other Business / Analyst,Oracle,1,"Sacramento, CA",California,Remote,1,Part-time (â‰¤ 32 hours),0,7.0,,0,0,0,1,97400.0,199500.0,148450.0,22,0,0,0,0,0,0,0,0,0,0,0
15d8b6f30c20411625e6d625b16b233a2a0f9839,2024-05-12,2024-05,"Senior Manager, Analyst Relations, Oracle NetSuite (REMOTE)",senior manager analyst relations netsuite remote,Other Business / Analyst,Oracle,1,"Providence, RI",Rhode Island,Remote,1,Part-time (â‰¤ 32 hours),0,7.0,,0,0,0,1,97400.0,199500.0,148450.0,19,0,0,0,0,0,0,0,0,0,0,0
13717736c243221c976b02ceffb6a50725de1353,2024-05-13,2024-05,Sr. Payroll Implementation Consultant (Medium Enterprise),sr payroll implementation consultant medium enterprise,Consultant / Implementation,Workday,0,"Wichita, KS",Kansas,Not specified,0,Full-time (> 32 hours),1,10.0,,1,0,0,0,,,,15,0,0,0,0,0,0,0,0,0,0,0
579f1e968f6a25b637ec1e4845d75d646cb79f4d,2024-06-08,2024-06,"Enterprise Cloud Architect, Oracle North America Cloud Engineering",enterprise cloud architect north america cloud engineering,Architect / Engineer,Oracle,1,"Springfield, IL",Illinois,Not specified,0,Full-time (> 32 hours),1,10.0,,1,1,0,0,113000.0,185200.0,149100.0,48,0,0,0,0,0,0,0,1,1,1,0
ae12442558b40558fa28e273f44add2bf38dcd1b,2024-06-08,2024-06,DATA MODELER WITH SECURITY CLEARANCE,data modeler with security clearance,Data / BI Analyst,Encode Agency,0,"Arlington, VA",Virginia,Not specified,0,Full-time (> 32 hours),1,,,1,0,0,0,,,,8,1,0,0,0,0,0,0,0,0,0,0
21ccfe3862e718ee48057295957af6b39852e6b1,2024-06-08,2024-06,"Enterprise Solutions Architect, Principal",enterprise solutions architect principal,Architect / Engineer,Synopsys,0,"Mountain View, CA",California,Not specified,0,Full-time (> 32 hours),1,,,1,1,0,0,154000.0,230000.0,192000.0,19,0,0,0,0,0,0,0,1,1,0,0
a5ef09f989514a11a1596dcb5dca04db42de4d82,2024-07-01,2024-07,"Senior SAP FS-CD Techno functional Analyst onsite 4 days at -San Antonio, TX or Plano, TX",senior sap fs cd techno functional analyst onsite days at or plano tx,Consultant / Implementation,Scadea Solutions,0,"San Antonio, TX",Texas,Not specified,0,Full-time (> 32 hours),1,6.0,,1,0,0,0,,,,40,1,0,0,0,0,0,0,0,0,0,0
f284d0519c481df1adc9c237b3eafee4db50c6c6,2024-08-04,2024-08,Senior Consultant- Oracle Global Trade Management (GTM) and Transportation Management (OTM),senior consultant global trade management gtm and transportation management otm,Consultant / Implementation,Oracle,1,"Frankfort, KY",Kentucky,Not specified,0,Full-time (> 32 hours),1,5.0,,1,0,0,0,86900.0,178200.0,132550.0,20,0,0,0,0,0,0,0,0,0,0,0
53d9d79e8c5370475eee6875649a3cf2db48f073,2024-09-13,2024-09,Senior Principal Consultant - Manufacturing - NetSuite ACS,senior principal consultant manufacturing netsuite acs,Consultant / Implementation,Oracle,1,"Providence, RI",Rhode Island,Not specified,0,Part-time (â‰¤ 32 hours),0,6.0,6.0,1,0,0,0,76700.0,167000.0,121850.0,29,0,0,0,0,0,0,0,0,0,0,0
67c28b46ac31ef83b624331e468500c06be07a4e,2024-09-20,2024-09,"Lead Analytics Consultant, Real World Data Insights",lead analytics consultant real world data insights,Data / BI Analyst,Healthverity,0,"Philadelphia, PA",Pennsylvania,Not Remote,0,Full-time (> 32 hours),1,3.0,,0,1,0,0,80000.0,150000.0,115000.0,30,1,0,0,0,0,0,0,0,0,0,0
8b968f9f9f3fc3422a56347e39b7ca044cd17ec3,2024-09-13,2024-09,"Oracle Health Principal Consultant, Revenue Cycle Management (RCM) Solutions - Patient Accounting",health principal consultant revenue cycle management rcm solutions patient accounting,Consultant / Implementation,Oracle,1,"Oklahoma City, OK",Oklahoma,Not specified,0,Part-time (â‰¤ 32 hours),0,3.0,3.0,1,0,0,0,71200.0,158200.0,114700.0,19,0,0,0,0,0,0,0,0,0,0,0
ff023f1e0d4e852c9aa2079c2d6ca3ce693f4561,2024-09-04,2024-09,Solution Architect - Marketing Technology,solution architect marketing technology,Architect / Engineer,Atlassian,0,"San Francisco, CA",California,Remote,1,Full-time (> 32 hours),1,12.0,,0,0,0,1,205800.0,274400.0,240100.0,16,0,0,0,0,0,0,0,0,0,0,0
597622f052de8176d6cf52434c012ae58f7cfe83,2024-06-26,2024-06,SAP FICO Consultant who has experience with localization for USA_Expense Paid,sap fico consultant who has experience with localization for usa expense paid,Consultant / Implementation,Scadea Solutions,0,"Washington, DC","Washington, D.C. (District of Columbia)",Not specified,0,Full-time (> 32 hours),1,,,0,0,0,1,,,,4,0,0,0,0,0,0,0,0,0,0,0
1f3076c337117a83117dcdededf965d5f07231ef,2024-08-09,2024-08,ERP Systems Analyst - Finance Specialist,erp systems analyst finance specialist,Other Business / Analyst,Liveview Technologies,0,"American Fork, UT",Utah,Not specified,0,Full-time (> 32 hours),1,,,0,0,0,1,,,,18,0,0,0,0,0,0,1,0,0,0,0
447688ad179653dcdff66b9f36459c1c81338267,2024-06-11,2024-06,Oracle (FAH) Functional Consultant- Finance Accounting Hub,fah functional consultant finance accounting hub,Consultant / Implementation,Oracle,1,"Santa Fe, NM",New Mexico,Not specified,0,Full-time (> 32 hours),1,,,0,0,0,1,88500.0,199500.0,144000.0,10,0,0,0,0,0,0,0,0,0,0,0
f81b5d0eaecb21187b895dbbafb50a09c99dcdd4,2024-09-17,2024-09,Oracle (FAH) Functional Consultant- Finance Accounting Hub,fah functional consultant finance accounting hub,Consultant / Implementation,Oracle,1,"Harrisburg, PA",Pennsylvania,Not specified,0,Part-time (â‰¤ 32 hours),0,,,1,0,0,0,88500.0,199500.0,144000.0,14,0,0,0,0,0,0,0,0,0,0,0
f7f64ad4b3c42cd31ad957ca6717cd752323a332,2024-09-17,2024-09,Oracle Health Principal Consultant - Clinical Supply Chain,health principal consultant clinical supply chain,Consultant / Implementation,Oracle,1,"Boston, MA",Massachusetts,Not specified,0,Full-time (> 32 hours),1,8.0,,1,0,0,0,71200.0,158200.0,114700.0,14,0,0,0,0,0,0,0,0,0,0,0
ace8b86205dc32d06772423e46c1aaecbacfe114,2024-06-26,2024-06,SAP EWM Senior Consultant,sap ewm senior consultant,Consultant / Implementation,SAP,0,"Newtown Square, PA",Pennsylvania,Not specified,0,Full-time (> 32 hours),1,5.0,,1,1,0,0,,,,16,0,0,0,0,0,0,0,0,0,0,0
6573a520517276ba98eba7116b0cc11003e50b35,2024-08-07,2024-08,SAP MM- 2 weeks per Month onsite with expenses,sap mm weeks per month onsite with expenses,Other Business / Analyst,Scadea Solutions,0,"Charlotte, NC",North Carolina,Not specified,0,Full-time (> 32 hours),1,,,0,0,0,1,,,,2,0,0,0,0,0,0,0,0,0,0,0
785f82d4b6a65bd3df1a225075af74e90c8b2c77,2024-08-07,2024-08,"F&S Senior Analyst, Corp FP&A - Data & Reporting",f s senior analyst corp fp a data reporting,Other Business / Analyst,Block,0,"New York, NY",New York,Remote,1,Full-time (> 32 hours),1,3.0,,1,0,0,0,,,,29,1,0,1,0,0,0,0,0,0,0,0
10eb86625adbc9a4f67bf7008b7bbbb54db4b492,2024-09-26,2024-09,Project Scheduler,project scheduler,Other Business / Analyst,Long Wave,0,"Oklahoma City, OK",Oklahoma,Not specified,0,Full-time (> 32 hours),1,1.0,1.0,1,0,0,0,,,,24,0,0,0,0,0,0,0,0,0,0,0
94fc3ad640e245d4a4e64c9fe9380e81177ccd05,2024-09-19,2024-09,Implementation Analyst,implementation analyst,Consultant / Implementation,Rldatix,0,"[Unknown City], NJ",New Jersey,Not specified,0,Full-time (> 32 hours),1,,,0,0,0,1,,,,9,0,0,0,0,0,0,0,0,0,0,0
10b732eb63349911136a646be14f650b1905975c,2024-09-07,2024-09,Oracle Cloud Financials Delivery Consultant_CSS-OU,cloud financials delivery consultant css ou,Consultant / Implementation,Oracle,1,"Boston, MA",Massachusetts,Remote,1,Full-time (> 32 hours),1,5.0,,0,0,0,1,78998.0,158205.0,118601.5,18,0,0,0,0,0,0,0,0,0,0,0
15728b7b57c695169434f4e8df33099960013c10,2024-09-07,2024-09,Oracle Cloud Financials Delivery Consultant_CSS-OU,cloud financials delivery consultant css ou,Consultant / Implementation,Oracle,1,"Springfield, IL",Illinois,Remote,1,Full-time (> 32 hours),1,5.0,,0,0,0,1,78998.0,158205.0,118601.5,18,0,0,0,0,0,0,0,0,0,0,0
09cca53d91546b284fe4c9e043c95045f02b1a65,2024-09-23,2024-09,"Director, Cloud HCM Customer Program Manager",director cloud hcm customer program manager,Other Business / Analyst,Oracle,1,"Pierre, SD",South Dakota,Not specified,0,Part-time (â‰¤ 32 hours),0,,,1,0,0,0,130000.0,291900.0,210950.0,25,0,0,0,0,0,0,0,0,0,0,0
f6fadc4465acff4c796dd6b89a6232bc89b7e487,2024-09-24,2024-09,AI Data Trainer - Mathematics Specialist,ai data trainer mathematics specialist,AI Data Trainer,Outlier Ai,0,"Germantown, MD",Maryland,Not specified,0,Full-time (> 32 hours),1,,,1,0,0,0,62400.0,104000.0,83200.0,5,0,0,0,0,0,0,0,0,0,0,0
9e552857674d90e60dbc04f943acb67b33097cae,2024-09-10,2024-09,Oracle Health Principal Consultant - Womens Health,health principal consultant womens health,Consultant / Implementation,Oracle,1,"Boston, MA",Massachusetts,Not specified,0,Full-time (> 32 hours),1,8.0,,1,0,0,0,71200.0,158200.0,114700.0,14,0,0,0,0,0,0,0,0,0,0,0
ccbe92d38d9eaa926cc1d84837940a9b631a043d,2024-06-15,2024-06,Business Solution Architect,business solution architect,Architect / Engineer,Oracle,1,"Springfield, IL",Illinois,Not specified,0,Full-time (> 32 hours),1,,,0,0,0,1,88500.0,199500.0,144000.0,34,1,0,0,0,0,0,0,0,0,0,0
0ec0236d20041b6f328e50f4e240419c920c1d70,2024-05-17,2024-05,Revenue Operations Analyst - Data and Insights,revenue operations analyst data and insights,Data / BI Analyst,Experity,0,"Machesney Park, IL",Illinois,Remote,1,Full-time (> 32 hours),1,,,1,1,0,0,66900.0,91000.0,78950.0,48,1,0,1,1,0,0,1,0,0,0,0
4b49d3f71ac88cab9a3ed97f52452b39f0c748a6,2024-05-11,2024-05,Sr. Payroll Implementation Consultant (Medium Enterprise),sr payroll implementation consultant medium enterprise,Consultant / Implementation,Workday,0,"Minneapolis, MN",Minnesota,Not specified,0,Full-time (> 32 hours),1,10.0,,1,0,0,0,116900.0,175400.0,146150.0,14,0,0,0,0,0,0,0,0,0,0,0
d613a493c48dc4efff36a135c3e46eb8d984d779,2024-05-11,2024-05,"Senior HCM Consultant, Medium Enterprise",senior hcm consultant medium enterprise,Consultant / Implementation,Workday,0,"Isle of Palms, SC",South Carolina,Not specified,0,Full-time (> 32 hours),1,10.0,,1,0,0,0,116900.0,175400.0,146150.0,14,0,0,0,0,0,0,0,0,0,0,0
c82a7b1093177addb8cc062f496337d3f9ebe660,2024-05-01,2024-05,Enterprise Sales Consultant,enterprise sales consultant,Sales / Pre-Sales,Buildertrend,0,"Omaha, NE",Nebraska,Not specified,0,Full-time (> 32 hours),1,3.0,,0,0,0,1,160000.0,170000.0,165000.0,17,0,0,0,0,1,0,0,0,0,0,0
87a889989197408d01aa9e63ef222c2f8f562772,2024-05-02,2024-05,Oracle Fusion Financials Functional Consultant- Public Sector,fusion financials functional consultant public sector,Consultant / Implementation,Oracle,1,"Helena, MT",Montana,Not specified,0,Full-time (> 32 hours),1,7.0,,1,0,0,0,86900.0,178200.0,132550.0,23,0,0,0,0,0,0,0,0,0,0,0
bfae7313aadae64393087630794d71ab0668a7b6,2024-05-21,2024-05,Data Analyst,data analyst,Data / BI Analyst,Adobe,0,"San Jose, CA",California,Not specified,0,Full-time (> 32 hours),1,4.0,,0,1,0,0,74000.0,170300.0,122150.0,26,1,1,1,1,0,0,1,0,0,0,0
607b152a5dba804aff132ddc504faea542d91a39,2024-06-19,2024-06,Technical Architect,technical architect,Architect / Engineer,Salesforce,0,"[Unknown City], CA",California,Remote,1,Full-time (> 32 hours),1,2.0,,0,1,0,0,138000.0,227700.0,182850.0,19,0,0,0,0,0,0,0,0,0,0,0
145d380743aeee6706dec945525b066ad8baf7f0,2024-05-24,2024-05,Oracle HCM Techno Functional Consultant,oracle hcm techno functional consultant,Consultant / Implementation,Meta Soft,0,"Corte Madera, CA",California,Not specified,0,Full-time (> 32 hours),1,,,0,0,0,1,,,,12,0,0,0,0,0,0,0,0,0,0,0
5ba6ab5bf6c4c288e02256902cf82de319f9d3c1,2024-09-06,2024-09,Oracle Technical Pre-Sales Consultant - Oracle Cloud HCM & ERP - Senior Sales Consultant - Remote,technical pre sales consultant cloud hcm erp senior sales consultant remote,Sales / Pre-Sales,Oracle,1,"Salt Lake City, UT",Utah,Remote,1,Part-time (â‰¤ 32 hours),0,10.0,,0,0,0,1,63003.0,159099.0,111051.0,40,1,0,0,0,0,0,0,0,0,0,0
58416bae0f67b6c80f9f570e6725585d32c2515e,2024-08-06,2024-08,SAP QM/PP Senior Consultant,sap qm pp senior consultant,Consultant / Implementation,SAP,0,"Houston, TX",Texas,Not specified,0,Full-time (> 32 hours),1,7.0,,1,1,0,0,,,,28,0,0,0,0,0,0,0,0,0,0,0
2e5db863b6d0ab54629b41cb27d154d21c32275d,2024-07-26,2024-07,Senior Security Data Analyst,senior security data analyst,Data / BI Analyst,Microsoft,0,"Redmond, WA",Washington,Not specified,0,Full-time (> 32 hours),1,6.0,,1,1,0,0,101200.0,194800.0,148000.0,25,0,1,0,1,1,0,0,1,0,0,0
518e0703499bf2fe5dc70be8127338416eaf0b8e,2024-07-16,2024-07,"Business Intelligence/Data Analyst, Customer Success",business intelligence data analyst customer success,Data / BI Analyst,Afterpay,0,"San Francisco, CA",California,Not specified,0,Full-time (> 32 hours),1,5.0,,1,0,0,0,108200.0,162200.0,135200.0,30,1,1,1,0,1,1,0,0,0,0,0
1e2ffb84da9949b91f37aee7714ef85ba1fef485,2024-08-16,2024-08,Principal Advanced Services Engineer,principal advanced services engineer,Architect / Engineer,Oracle,1,"[Unknown City], NC",North Carolina,Not specified,0,Full-time (> 32 hours),1,,,0,0,0,1,93496.0,199493.0,146494.5,23,0,0,0,0,0,0,0,0,0,0,0
2f54c10c8882dc85d8fa2c19c8be6a7f6aaca6a1,2024-06-26,2024-06,SAP Enterprise Architect (BTS) -- Midwest Market Unit,sap enterprise architect bts midwest market unit,Architect / Engineer,SAP,0,"Naperville, IL",Illinois,Not specified,0,Full-time (> 32 hours),1,7.0,,0,1,0,0,,,,25,0,0,0,0,0,0,0,0,0,0,0
cfcf15073b3c0c36019dc99e4ac6c7e0518c5eef,2024-06-26,2024-06,Sr. HCM Functional Consultant - Healthcare,sr hcm functional consultant healthcare,Consultant / Implementation,Workday,0,"Birmingham, AL",Alabama,Not specified,0,Full-time (> 32 hours),1,5.0,,0,0,0,1,116900.0,175400.0,146150.0,9,0,0,0,0,0,0,0,0,0,0,0
51945f70c442ccf4b0a8bf3d7d134920924d5388,2024-06-26,2024-06,Oracle Functional Consultant-Order Management,oracle functional consultant order management,Consultant / Implementation,Think Big Solutions,0,"Watsonville, CA",California,Not specified,0,Full-time (> 32 hours),1,,,1,0,0,0,,,,33,1,0,0,0,0,0,1,0,0,0,0
9d7421524ccd3047b95f4d3114e4410dfb385e1d,2024-09-06,2024-09,Enterprise Solutions Architect,enterprise solutions architect,Architect / Engineer,Dynatrace,0,"Detroit, MI",Michigan,Not specified,0,Full-time (> 32 hours),1,12.0,,1,0,0,0,160000.0,205000.0,182500.0,49,1,0,0,0,0,0,0,1,1,1,0
5491f2763fb00c728c4c23521da1e30799ae348e,2024-09-06,2024-09,Oracle Technical Pre-Sales Consultant - Oracle Cloud HCM & ERP - Senior Sales Consultant - Remote,technical pre sales consultant cloud hcm erp senior sales consultant remote,Sales / Pre-Sales,Oracle,1,"Columbia, SC",South Carolina,Remote,1,Part-time (â‰¤ 32 hours),0,10.0,,0,0,0,1,63003.0,159099.0,111051.0,40,1,0,0,0,0,0,0,0,0,0,0
de66499c638e998e67f4c6892e482ad1d210db97,2024-06-01,2024-06,Sr. Payroll Implementation Consultant (Medium Enterprise),sr payroll implementation consultant medium enterprise,Consultant / Implementation,Workday,0,"Dearborn, MI",Michigan,Remote,1,Full-time (> 32 hours),1,10.0,,1,0,0,0,,,,15,0,0,0,0,0,0,0,0,0,0,0
086c0195cf21fa213f158154f3a612463cb7b3f1,2024-06-10,2024-06,ERP Accounting Specialist,erp accounting specialist,Other Business / Analyst,My Office Apps,0,"Irvine, CA",California,Not specified,0,Part-time / full-time,0,5.0,,1,0,0,0,52000.0,62400.0,57200.0,33,0,0,0,0,0,0,1,0,0,0,0
94a977e7f3fda320d7f1f109bd7a68ba67b0b63e,2024-08-21,2024-08,Oracle Technical Pre-Sales Consultant - Oracle Cloud HCM & ERP - Senior Sales Consultant - Remote,technical pre sales consultant cloud hcm erp senior sales consultant remote,Sales / Pre-Sales,Oracle,1,"Jackson, MS",Mississippi,Remote,1,Part-time (â‰¤ 32 hours),0,10.0,,0,0,0,1,63003.0,159099.0,111051.0,46,1,0,0,0,0,1,0,0,0,0,0
04277fcf86b4b40f0a7992e996a10a9191117445,2024-08-06,2024-08,"Solution Architect (Cloud Consulting Director) - Oracle Supply Chain Management, Oracle Consulting",solution architect cloud consulting director supply chain management consulting,Consultant / Implementation,Oracle,1,"Lincoln, NE",Nebraska,Not specified,0,Part-time (â‰¤ 32 hours),0,10.0,,1,0,0,0,120100.0,251600.0,185850.0,17,0,0,0,0,0,0,0,0,0,0,0
88427a02b19920dd9c00268db13e64d372cccb91,2024-07-13,2024-07,"Senior Manager, Analyst Relations, Oracle NetSuite (REMOTE)",senior manager analyst relations netsuite remote,Other Business / Analyst,Oracle,1,"Columbus, OH",Ohio,Remote,1,Part-time (â‰¤ 32 hours),0,7.0,,0,0,0,1,97400.0,199500.0,148450.0,19,0,0,0,0,0,0,0,0,0,0,0
c4122c08e0259115aa92832a05b05fc4b117c15e,2024-08-03,2024-08,"Consulting Technical Manager, ERP Cloud Technical/Integration Lead",consulting technical manager erp cloud technical integration lead,Consultant / Implementation,Oracle,1,"Boston, MA",Massachusetts,Not specified,0,Part-time (â‰¤ 32 hours),0,,,0,0,0,1,88500.0,199500.0,144000.0,36,0,0,0,0,0,0,0,0,0,0,0
ac5619373532313fe6e0269ad40ff6ef1791e32d,2024-05-12,2024-05,"Senior Manager, Analyst Relations, Oracle Fusion Cloud ERP (REMOTE)",senior manager analyst relations fusion cloud erp remote,Other Business / Analyst,Oracle,1,"Nashville, TN",Tennessee,Remote,1,Part-time (â‰¤ 32 hours),0,7.0,,0,0,0,1,97400.0,199500.0,148450.0,22,0,0,0,0,0,0,0,0,0,0,0
70c1edeb979fced02b689f427275d5b52dc73d84,2024-05-12,2024-05,Oracle HCM Cloud Applications Solution Advisor,hcm cloud applications solution advisor,Other Business / Analyst,Oracle,1,"Springfield, IL",Illinois,Not specified,0,Part-time (â‰¤ 32 hours),0,,,0,0,0,1,120100.0,500000.0,310050.0,35,0,0,0,0,0,0,0,0,0,0,0
0631920541edab00c89b55409660a91c0e6d34ac,2024-05-12,2024-05,"Senior Manager, Analyst Relations, Oracle Fusion Cloud ERP (REMOTE)",senior manager analyst relations fusion cloud erp remote,Other Business / Analyst,Oracle,1,"Olympia, WA",Washington,Remote,1,Part-time (â‰¤ 32 hours),0,7.0,,0,0,0,1,97400.0,199500.0,148450.0,22,0,0,0,0,0,0,0,0,0,0,0
c2243f744bcf64e1b6408e610307a83793461137,2024-05-15,2024-05,Time & Attendance Implementation Consultant,time attendance implementation consultant,Consultant / Implementation,Neogov,0,"Orlando, FL",Florida,Remote,1,Full-time (> 32 hours),1,2.0,,1,0,0,0,,,,5,0,0,0,0,0,0,0,0,0,0,0
fb82a062c453fb5726df8cff1546c7624bf139af,2024-08-23,2024-08,"Consulting Technical Manager, ERP Cloud Technical/Integration Lead",consulting technical manager erp cloud technical integration lead,Consultant / Implementation,Oracle,1,"Saint Paul, MN",Minnesota,Not specified,0,Full-time (> 32 hours),1,,,0,0,0,1,88500.0,199500.0,144000.0,36,0,0,0,0,0,0,0,0,0,0,0
aca4762d6c6fff532993e87f3d02f6dd1453f328,2024-05-31,2024-05,Sr SAP EPPM & FICO Functional Specialist_Local to Atlanta,sr sap eppm fico functional specialist local to,Consultant / Implementation,Scadea Solutions,0,"Atlanta, GA",Georgia,Remote,1,Full-time (> 32 hours),1,10.0,,1,0,0,0,,,,20,0,0,0,0,0,0,0,0,0,0,0
cd99c749a960d51a86f3da336eeb0a58590c5f48,2024-07-31,2024-07,Oracle EBS Finance Functional Consultant,oracle ebs finance functional consultant,Consultant / Implementation,Scadea Solutions,0,"Plymouth, MN",Minnesota,Not specified,0,Full-time (> 32 hours),1,,,0,0,0,1,,,,9,0,0,0,0,0,0,0,0,0,0,0
4e2771a03a2d41e407c004801afeb8615619c8d1,2024-09-25,2024-09,Oracle Health Solutions Consultant - Patient Accounting (RevCycle),health solutions consultant patient accounting revcycle,Consultant / Implementation,Oracle,1,"Springfield, IL",Illinois,Not specified,0,Full-time (> 32 hours),1,5.0,,1,0,0,0,71200.0,158200.0,114700.0,18,0,0,0,0,0,0,0,0,0,0,0
812e1fbe50d66428eed6273b1dc7e8ade6f7e87a,2024-07-22,2024-07,Marketing Data Analytics Analyst,marketing data analytics analyst,Data / BI Analyst,Salesforce,0,"Bellevue, WA",Washington,Not specified,0,Full-time (> 32 hours),1,2.0,,1,0,0,0,84300.0,116000.0,100150.0,42,1,0,1,0,0,0,1,0,0,0,0
af03a187ff6d0d24e341f547f0f900d5a6322786,2024-07-22,2024-07,"Sr. SAP CPQ Consultants_Expense Paid_25% onsite at San Jose, CA,rest Remote",sr sap cpq consultants expense paid onsite at rest remote,Consultant / Implementation,Scadea Solutions,0,"San Jose, CA",California,Not specified,0,Full-time (> 32 hours),1,,,0,0,0,1,,,,5,0,0,0,0,0,0,0,0,0,0,0
62eb65455b71cdde1b819b1ed7449c683f6d4b42,2024-07-29,2024-07,Senior Enterprise Architect,senior enterprise architect,Architect / Engineer,Appic Solutions,0,"Cleveland, OH",Ohio,Not specified,0,Full-time (> 32 hours),1,15.0,,0,1,0,0,,,,51,0,1,0,0,0,0,0,1,0,0,0
e16ee574e7fdb31c1e240a75f1cf6e54cbc88d53,2024-07-29,2024-07,Square Hardware Data Analytics,square hardware data analytics,Data / BI Analyst,Afterpay,0,"Chicago, IL",Illinois,Not specified,0,Full-time (> 32 hours),1,4.0,,0,0,0,1,108200.0,162200.0,135200.0,16,1,0,0,0,0,1,0,0,0,0,0
49af995376ba5be1e88d932e866a94f2164273af,2024-06-12,2024-06,SAP EWM Consultant,sap ewm consultant,Consultant / Implementation,Sumeru,0,"Camden, NJ",New Jersey,Not specified,0,Full-time (> 32 hours),1,5.0,,1,0,0,0,124800.0,145600.0,135200.0,13,0,0,0,0,0,0,0,0,0,0,0
f18de02dea091ab9c4b327b292762ace5bb11bee,2024-06-12,2024-06,Sr SAP Plant Maintenance Functional Consultant,sr sap plant maintenance functional consultant,Consultant / Implementation,Scadea Solutions,0,"Anchorage, AK",Alaska,Not specified,0,Full-time (> 32 hours),1,,,0,0,0,1,,,,1,0,0,0,0,0,0,0,0,0,0,0
f84622bc2826eec5d31cf1f665bc9b2a431daaf8,2024-07-08,2024-07,Data Analyst,data analyst,Data / BI Analyst,Dv01,0,"New York, NY",New York,Remote,1,Full-time (> 32 hours),1,,,0,1,0,0,108306.0,115456.0,111881.0,16,1,0,1,0,0,0,0,0,0,0,0
388ea5c74ca1d477a73784e57286f49c2c01bf7f,2024-07-08,2024-07,Employee Data Analyst,employee data analyst,Data / BI Analyst,Salesforce,0,"Indianapolis, IN",Indiana,Not specified,0,Full-time (> 32 hours),1,3.0,,0,0,0,1,,,,18,0,0,0,0,0,0,1,0,0,0,0
e847ed32270e9a4fe20603be5f956e736a5fc330,2024-07-24,2024-07,Senior Revenue Operations Data Analyst - Remote,senior revenue operations data analyst remote,Data / BI Analyst,Clari,0,"Sunnyvale, CA",California,Remote,1,Full-time (> 32 hours),1,,,0,0,0,1,116300.0,174400.0,145350.0,31,1,1,1,0,0,0,0,0,0,0,0
9414114c73a501af71254e1512389fbf44d55f1e,2024-09-12,2024-09,Oracle Health Principal Consultant - Health Information Management,health principal consultant health information management,Consultant / Implementation,Oracle,1,"Boston, MA",Massachusetts,Not specified,0,Full-time (> 32 hours),1,8.0,,1,0,0,0,71200.0,158200.0,114700.0,15,0,0,0,0,0,0,0,0,0,0,0
0d9485173a5ce53f12cdde15bf663ef1afa33be7,2024-09-16,2024-09,Oracle SCM Cloud Applications Solution Advisor,scm cloud applications solution advisor,Other Business / Analyst,Oracle,1,"Tallahassee, FL",Florida,Not specified,0,Part-time (â‰¤ 32 hours),0,,,0,0,0,1,120100.0,500000.0,310050.0,34,0,0,0,0,0,0,0,0,0,0,0
57f46dcdbf51a58c4bf43af1f0f38b4b226a2abf,2024-09-16,2024-09,AI Data Trainer - Mathematics Specialist,ai data trainer mathematics specialist,AI Data Trainer,Outlier Ai,0,"[Unknown City], MN",Minnesota,Not specified,0,Full-time (> 32 hours),1,,,1,0,0,0,62400.0,104000.0,83200.0,5,0,0,0,0,0,0,0,0,0,0,0
581e48dff64cb5dba0ffb487b6ab4da79db5c053,2024-09-24,2024-09,Mathematics Experts for AI Training,mathematics experts for ai training,Other Business / Analyst,Outlier Ai,0,"Arlington, VA",Virginia,Not specified,0,Full-time (> 32 hours),1,,,1,0,0,0,62400.0,104000.0,83200.0,5,0,0,0,0,0,0,0,0,0,0,0
871e7062f70db244895aa3d8803bb9c1b2d89f65,2024-08-22,2024-08,"SAP Supply Chain Consultant_Houston, TX_ Hybrid Onsite 3 days per week_Expense Paid",sap supply chain consultant hybrid onsite days per week expense paid,Consultant / Implementation,Scadea Solutions,0,"Houston, TX",Texas,Not specified,0,Full-time (> 32 hours),1,,,0,0,0,1,,,,14,0,0,0,0,0,0,0,0,0,0,0
b927c3a77c71177a9459bc0e41c4bd81f80debbc,2024-07-31,2024-07,"Sr. Enterprise Architect, AI",sr enterprise architect ai,Architect / Engineer,Workday,0,"[Unknown City], CA",California,Remote,1,Full-time (> 32 hours),1,4.0,,1,1,0,0,138500.0,208000.0,173250.0,28,0,0,0,0,1,1,0,0,0,0,0
7905ea3d8736abbc2bc70c5ac196ef611c151659,2024-06-30,2024-06,Clinical Staff Sales Consultant -Oracle Health,clinical staff sales consultant health,Sales / Pre-Sales,Oracle,1,"Springfield, IL",Illinois,Not specified,0,Full-time (> 32 hours),1,3.0,3.0,0,0,0,1,66206.0,126110.0,96158.0,9,0,0,0,0,0,0,0,0,0,0,0
428aa02bbc40a81e45d4cfe6db630a5de1bb3640,2024-08-08,2024-08,SAP CRM Functional Analyst,sap crm functional analyst,Consultant / Implementation,Scadea Solutions,0,"Santa Clara, CA",California,Not specified,0,Full-time (> 32 hours),1,,,0,0,0,1,,,,10,0,0,0,0,0,0,0,0,0,0,0
397e4f247021e12e06903ce9d16bf93573d222e8,2024-06-12,2024-06,Solution Architect - CTJ - TS/SCI,solution architect ctj ts sci,Architect / Engineer,Microsoft,0,"Springfield, VA",Virginia,Not specified,0,Full-time (> 32 hours),1,,,0,0,0,1,,,,41,0,0,0,0,0,0,0,1,0,0,0
477092d627f6e33a1ad5971d3c8ca7d75bb2d4ff,2024-06-12,2024-06,"Creative Technologist & Solution Architect, Enterprise",creative technologist solution architect enterprise,Architect / Engineer,Adobe,0,"San Jose, CA",California,Not specified,0,Full-time (> 32 hours),1,,,0,0,0,1,312200.0,312200.0,312200.0,29,0,1,0,0,0,0,0,0,0,0,0
c3fef142368fc133bcd9f76194305e3e350372e2,2024-09-07,2024-09,NetSuite Planning and Budgeting (NSPB) Functional Consultant  - Principal Consultant,netsuite planning and budgeting nspb functional consultant principal consultant,Consultant / Implementation,Oracle,1,"Boston, MA",Massachusetts,Not specified,0,Full-time (> 32 hours),1,5.0,5.0,1,0,0,0,66700.0,145000.0,105850.0,29,0,0,0,0,0,0,0,0,0,0,0
3bf00d38ad522cf31ad7c7d4d81ac15e9e790ec1,2024-09-07,2024-09,Data Analyst and Visualization Specialist,data analyst and visualization specialist,Data / BI Analyst,Attainx,0,"Hillsboro, OR",Oregon,Remote,1,Full-time (> 32 hours),1,,,1,0,0,0,60000.0,65000.0,62500.0,36,0,0,0,1,0,0,1,0,0,0,0
f3b80d0c69125684cfb61c1f10e8a6e9650330cd,2024-05-28,2024-05,Data Analyst 2,data analyst,Data / BI Analyst,Mitchell International,0,"San Diego, CA",California,Remote,1,Part-time (â‰¤ 32 hours),0,,,1,0,0,0,58345.0,75000.0,66672.5,31,1,0,0,0,1,0,1,0,0,0,0
ddd756f8b1f77d7a0f04f90df02dc50635da927a,2024-05-28,2024-05,"Software Development, Staff",software development staff,Other Business / Analyst,Synopsys,0,"Mountain View, CA",California,Not specified,0,Full-time (> 32 hours),1,8.0,,0,0,0,1,110000.0,166000.0,138000.0,27,0,0,0,0,0,0,0,0,0,0,0
45c847f31b1a179bdcbbcab5ec071d385a55425d,2024-05-31,2024-05,Sr Consultant- Oracle Global Trade Mgmt (GTM) and Transportaion Mgmt (OTM),sr consultant global trade mgmt gtm and transportaion mgmt otm,Consultant / Implementation,Oracle,1,"Springfield, IL",Illinois,Not specified,0,Full-time (> 32 hours),1,5.0,,1,0,0,0,86900.0,178200.0,132550.0,19,0,0,0,0,0,0,0,0,0,0,0
b45938b48cf377093661e3853eb86687098ec702,2024-06-22,2024-06,Security Data Analyst II,security data analyst ii,Data / BI Analyst,Microsoft,0,"Redmond, WA",Washington,Not specified,0,Full-time (> 32 hours),1,3.0,,1,1,0,0,105300.0,176900.0,141100.0,23,0,1,0,1,1,0,0,1,0,0,0
679f337eb95509b114a5f6a236709bd64663bc3b,2024-09-22,2024-09,"Director, Cloud HCM Customer Program Manager",director cloud hcm customer program manager,Other Business / Analyst,Oracle,1,"Boston, MA",Massachusetts,Not specified,0,Full-time (> 32 hours),1,,,1,0,0,0,130000.0,291900.0,210950.0,25,0,0,0,0,0,0,0,0,0,0,0
e8af828fec856193c8bf25d5c12e4c515303a088,2024-06-26,2024-06,SAP Center of Expertise (CoE) Senior Technology Consultant - Maintenance Optimization,sap center of expertise coe senior technology consultant maintenance optimization,Consultant / Implementation,SAP,0,"Newtown Square, PA",Pennsylvania,Not specified,0,Full-time (> 32 hours),1,7.0,,0,0,0,1,,,,27,0,0,0,0,0,0,0,0,0,0,0
44c1bae85df4e68f88a045ea0feeb208267c4504,2024-05-07,2024-05,SAP PP/PI with QM Consultant_ 50% travel to Indianapolis_Expense Paid,sap pp pi with qm consultant travel to expense paid,Consultant / Implementation,Scadea Solutions,0,"Indianapolis, IN",Indiana,Not specified,0,Full-time (> 32 hours),1,12.0,,0,0,0,1,,,,12,0,0,0,0,0,0,0,0,0,0,0
1ab66b25026c3ab6168d60fa6c0229aa395ff215,2024-05-07,2024-05,Sr. Business Systems Architect,sr business systems architect,Architect / Engineer,Nutanix,0,"San Jose, CA",California,Not specified,0,Full-time (> 32 hours),1,8.0,,1,0,0,0,234120.0,234120.0,234120.0,34,0,0,0,0,0,0,0,0,0,0,0
5c5d0f99d31eabb817b4b7823278747d377ebfcf,2024-05-09,2024-05,Senior Data Modeler,senior data modeler,Data / BI Analyst,Salesforce,0,"Seattle, WA",Washington,Not specified,0,Full-time (> 32 hours),1,,,0,0,0,1,125700.0,243100.0,184400.0,35,1,0,1,0,0,0,0,0,0,0,0
454ac26223d6a9eb50c9d5f5f3ac84fc3ae42295,2024-05-09,2024-05,"System Analyst (IT Sales & Marketing) | Alpharetta, GA (Onsite) | Full-Time",system analyst it sales marketing onsite,Sales / Pre-Sales,Securekloud Technologies,0,"Alpharetta, GA",Georgia,Not specified,0,Full-time (> 32 hours),1,3.0,,1,0,0,0,,,,41,0,0,0,0,0,0,0,0,0,0,0
b19da4fab3deb7901eb1700b8e322aa8d561c278,2024-05-09,2024-05,Pre-Sales Technical Architect - Higher Education/ State & Local - Public Sector,pre sales technical architect higher education state local public sector,Sales / Pre-Sales,Salesforce,0,"[Unknown City], NC",North Carolina,Not specified,0,Full-time (> 32 hours),1,10.0,,1,0,0,0,,,,35,0,0,0,0,0,0,0,0,0,0,0
8e0b67715d8d3c58d2dfb4856268a71889f01047,2024-08-13,2024-08,"Sr. Business Intelligence Analyst, Global Procurement Office",sr business intelligence analyst global procurement office,Data / BI Analyst,Workday,0,"Salt Lake City, UT",Utah,Not specified,0,Full-time (> 32 hours),1,7.0,,1,0,0,0,132200.0,198200.0,165200.0,27,1,1,1,1,0,1,0,0,0,0,0
3ef1093e16a534566552e9dedea4dbc4d609bac9,2024-05-03,2024-05,Oracle Cloud HCM HRTO Analyst,oracle cloud hcm hrto analyst,Other Business / Analyst,Tekcogno,0,"Dallas, TX",Texas,Not specified,0,Full-time (> 32 hours),1,2.0,2.0,0,0,0,1,70000.0,85000.0,77500.0,18,0,0,0,0,0,0,0,0,0,0,0
2166f583df7cf3d71933b820862d5e352a41f5f5,2024-05-09,2024-05,Revenue Operations Analyst - Data and Insights - Hybrid / Sioux Falls,revenue operations analyst data and insights hybrid,Data / BI Analyst,Experity,0,"Sioux Falls, SD",South Dakota,Remote,1,Full-time (> 32 hours),1,,,1,1,0,0,66900.0,91000.0,78950.0,48,1,0,1,1,0,0,1,0,0,0,0
36d8c36e45e1fd94866f41411ffb5054bc8f95e6,2024-09-06,2024-09,Lead SaaS Techno-Functional Analyst (HCM),lead saas techno functional analyst hcm,Consultant / Implementation,Oracle,1,"Boston, MA",Massachusetts,Not specified,0,Full-time (> 32 hours),1,,,1,0,0,0,93496.0,199493.0,146494.5,11,0,0,0,0,0,0,0,0,0,0,0
1963ddda7759822e079b465771a7831b79046ec0,2024-06-18,2024-06,Data Analyst,data analyst,Data / BI Analyst,Microsoft,0,"Redmond, WA",Washington,Remote,1,Full-time (> 32 hours),1,1.0,,0,1,0,0,129885.0,159885.0,144885.0,35,1,1,0,0,1,0,0,0,0,0,0
33e2163477aa8673f0250bd7dc79a5ea4fea56d8,2024-07-03,2024-07,Enterprise Architect,enterprise architect,Architect / Engineer,Workday,0,"[Unknown City], NY",New York,Not specified,0,Full-time (> 32 hours),1,4.0,,1,1,0,0,138500.0,208000.0,173250.0,22,0,0,0,0,0,1,0,0,0,0,0
01ee706ef513ba944fa1ed73e5e6df4b435281c1,2024-07-03,2024-07,Sr Enterprise Architect,sr enterprise architect,Architect / Engineer,Workday,0,"[Unknown City], CA",California,Not specified,0,Full-time (> 32 hours),1,2.0,,0,0,0,1,138500.0,208000.0,173250.0,35,0,0,0,0,0,0,0,1,1,1,0
7ede2a0bc66f67f7012dd94c47bcd4599c7931ca,2024-08-05,2024-08,Sr Enterprise Architect,sr enterprise architect,Architect / Engineer,Adobe,0,"Remote, OR",Oregon,Remote,1,Full-time (> 32 hours),1,,,0,0,0,1,314900.0,314900.0,314900.0,42,1,0,1,1,0,1,0,0,0,0,0
440e907de80d26795325de6320264d04eae32626,2024-08-05,2024-08,Senior Consultant- Oracle Global Trade Mgmt (GTM) and Transportation Mgmt (OTM),senior consultant global trade mgmt gtm and transportation mgmt otm,Consultant / Implementation,Oracle,1,"Helena, MT",Montana,Not specified,0,Part-time (â‰¤ 32 hours),0,5.0,,1,0,0,0,86900.0,178200.0,132550.0,19,0,0,0,0,0,0,0,0,0,0,0
9377f7f7d300c31e5b8cd6540d67650c30c1d0d4,2024-07-25,2024-07,Enterprise Security Architect,enterprise security architect,Architect / Engineer,Modernizing Medicine,0,"Boca Raton, FL",Florida,Remote,1,Full-time (> 32 hours),1,7.0,,0,0,0,1,,,,30,0,0,0,0,0,0,0,0,1,0,0
05f19657af6379b4928807c36fb2c0f8f007fd88,2024-07-25,2024-07,SAP OTC Lead Consultant (Need Recent ECC 6~S/4 HANA Upgrade / Migration)_Expense Paid,sap otc lead consultant need recent ecc s hana upgrade migration expense paid,Consultant / Implementation,Scadea Solutions,0,"Pittsburgh, PA",Pennsylvania,Not specified,0,Full-time (> 32 hours),1,,,0,0,0,1,,,,5,0,0,0,0,0,0,0,0,0,0,0
e45295af426c7fbd8267cd7cbb60229c8c5e3d60,2024-07-25,2024-07,Enterprise AWS Solution Architect,enterprise aws solution architect,Architect / Engineer,TechSME,0,"Los Angeles, CA",California,Not specified,0,Full-time (> 32 hours),1,,,0,0,0,1,,,,14,0,0,0,0,0,0,0,0,1,0,0
0de999d659a8b4d951590ed3772d6b4930e17cf2,2024-07-16,2024-07,Data Analyst,data analyst,Data / BI Analyst,Workday,0,"Pleasanton, CA",California,Not specified,0,Full-time (> 32 hours),1,2.0,,1,0,0,0,97400.0,172100.0,134750.0,29,1,0,0,0,0,0,0,0,0,0,1
43b530fab53b715a2f9415626c71328785b0ad5e,2024-07-23,2024-07,Data Analyst -W2 only,data analyst w only,Data / BI Analyst,Global Bridge Infotech,0,"McKinney, TX",Texas,Not specified,0,Full-time (> 32 hours),1,,,0,0,0,1,,,,3,0,0,0,0,0,0,0,0,0,0,0
f941f1e7fc68fd6f968272a510d959cd09e2a60b,2024-09-05,2024-09,Data Analyst(Data Governance Analyst),data analyst data governance analyst,Data / BI Analyst,Intelli Erp Software,0,"Jackson, MS",Mississippi,Not specified,0,Full-time (> 32 hours),1,,,0,0,0,1,,,,36,0,0,0,0,1,0,0,0,0,0,0
55a0890101efce744cfecb92607c7afc95e35633,2024-08-01,2024-08,Principal Enterprise Architect,principal enterprise architect,Architect / Engineer,Microsoft,0,"Redmond, WA",Washington,Not specified,0,Full-time (> 32 hours),1,6.0,,1,0,0,0,137600.0,267000.0,202300.0,48,0,1,0,0,0,0,0,1,1,1,0
f7b894a30bd98dd7c77d88205ad00169fae8a57f,2024-07-18,2024-07,Data Analyst with Property and Casualty Experience,data analyst with property and casualty experience,Data / BI Analyst,Scadea Solutions,0,"Morristown, NJ",New Jersey,Not specified,0,Full-time (> 32 hours),1,8.0,,1,0,0,0,,,,19,1,0,0,0,1,0,0,0,0,0,0
ac2ee6d2f74914ec38c20bb251af90ee83f120cd,2024-06-25,2024-06,Sr Consultant- Oracle Fusion Cloud SCM Modules,sr consultant fusion cloud scm modules,Consultant / Implementation,Oracle,1,"Lincoln, NE",Nebraska,Not specified,0,Full-time (> 32 hours),1,5.0,,1,0,0,0,86900.0,178200.0,132550.0,18,0,0,0,0,0,0,0,0,0,0,0
f247bbc7517245cbfeff816dd8e449f0ffe9efdc,2024-06-25,2024-06,"Oracle Field Service Cloud, Consulting Functional Manager",field service cloud consulting functional manager,Consultant / Implementation,Oracle,1,"Springfield, IL",Illinois,Not specified,0,Full-time (> 32 hours),1,5.0,,1,0,0,0,88500.0,199500.0,144000.0,23,0,0,0,0,0,0,0,0,0,0,0
021fc09cff5a2d0664ab412df214eb1ee91f7f5f,2024-06-25,2024-06,"Data Analyst, TIDAL",data analyst tidal,Data / BI Analyst,Block,0,"New York, NY",New York,Remote,1,Full-time (> 32 hours),1,4.0,,1,0,0,0,,,,25,1,0,1,0,1,0,0,0,0,0,0
ccaf4a8ab1781c5083be75b568b56eca1ecdec05,2024-05-15,2024-05,Time & Attendance Implementation Consultant,time attendance implementation consultant,Consultant / Implementation,Neogov,0,"Los Angeles, CA",California,Remote,1,Full-time (> 32 hours),1,2.0,,1,0,0,0,,,,5,0,0,0,0,0,0,0,0,0,0,0
b138c2035356ddc0b90b47381ec0fe834ea571c6,2024-09-10,2024-09,"Principal Consultant, Oracle ERP Security",principal consultant erp security,Consultant / Implementation,Oracle,1,"Boston, MA",Massachusetts,Not specified,0,Full-time (> 32 hours),1,4.0,4.0,0,0,0,1,66700.0,145000.0,105850.0,11,0,0,0,0,0,0,0,0,0,0,0
116e83d94a9b2f50aab8e33af6d95e549697ada1,2024-05-29,2024-05,Senior Principal Cloud Consultant - HCM Cloud - Security and Controls,senior principal cloud consultant hcm cloud security and controls,Consultant / Implementation,Oracle,1,"Springfield, IL",Illinois,Not specified,0,Full-time (> 32 hours),1,,,0,0,0,1,86900.0,178200.0,132550.0,11,0,0,0,0,0,0,0,0,0,0,0
181835748e98d80f1db9ff115fb078fbc2bfc657,2024-09-04,2024-09,Oracle SaaS SCM Techno-Functional Analyst (WMS),saas scm techno functional analyst wms,Consultant / Implementation,Oracle,1,"Frankfort, KY",Kentucky,Not specified,0,Part-time (â‰¤ 32 hours),0,8.0,8.0,1,0,0,0,78998.0,158205.0,118601.5,25,0,0,0,0,0,0,0,0,0,0,0
84441edfae4efe70f814c73630a74228b03ca8d2,2024-09-04,2024-09,Lead SaaS Techno-Functional Analyst (HCM),lead saas techno functional analyst hcm,Consultant / Implementation,Oracle,1,"Carson City, NV",Nevada,Not specified,0,Part-time (â‰¤ 32 hours),0,,,1,0,0,0,93496.0,199493.0,146494.5,11,0,0,0,0,0,0,0,0,0,0,0
2a6a0ed21052550cde4c63539515966e93fa32a6,2024-09-13,2024-09,Senior Principal Consultant - Manufacturing - NetSuite ACS,senior principal consultant manufacturing netsuite acs,Consultant / Implementation,Oracle,1,"Salt Lake City, UT",Utah,Not specified,0,Part-time (â‰¤ 32 hours),0,6.0,6.0,1,0,0,0,76700.0,167000.0,121850.0,29,0,0,0,0,0,0,0,0,0,0,0
546d9ba0c974b2e3eeacda6c8a6fea6b1b011767,2024-09-13,2024-09,Heroku Technical Architect,heroku technical architect,Architect / Engineer,Salesforce,0,"San Francisco, CA",California,Not specified,0,Full-time (> 32 hours),1,,,0,0,0,1,130480.0,242830.0,186655.0,18,0,0,0,0,0,0,0,0,0,0,0
b9fbdde83836287455fa7b7c03c5b6a767324bcb,2024-09-13,2024-09,Oracle Health Principal Consultant - Perioperative,health principal consultant perioperative,Consultant / Implementation,Oracle,1,"Columbus, OH",Ohio,Not specified,0,Part-time (â‰¤ 32 hours),0,8.0,,1,0,0,0,71200.0,158200.0,114700.0,15,0,0,0,0,0,0,0,0,0,0,0
2c85955b3a3acde3ec74bfd9fe9e29717756463b,2024-06-13,2024-06,"Senior Data Analyst, Client Analytics",senior data analyst client analytics,Data / BI Analyst,Omada Health,0,"San Francisco, CA",California,Remote,1,Full-time (> 32 hours),1,,,1,0,0,0,153600.0,192000.0,172800.0,18,1,0,1,0,0,0,0,0,0,0,0
3099ae2de3554a6fc749d3a907d8e700b083075f,2024-06-03,2024-06,Industry Sales Executive- Wholesale Distribution,industry sales executive wholesale distribution,Sales / Pre-Sales,Oracle,1,"Albany, NY",New York,Remote,1,Full-time (> 32 hours),1,,,1,0,0,0,126200.0,207400.0,166800.0,25,0,0,0,0,0,0,0,0,0,0,0
07f87f1bd9150b7c09fcfeec17483261787e9d5c,2024-06-28,2024-06,Senior Consultant- Oracle Global Trade Mgmt (GTM) and Transportation Mgmt (OTM),senior consultant global trade mgmt gtm and transportation mgmt otm,Consultant / Implementation,Oracle,1,"Augusta, ME",Maine,Not specified,0,Part-time (â‰¤ 32 hours),0,5.0,,1,0,0,0,86900.0,178200.0,132550.0,19,0,0,0,0,0,0,0,0,0,0,0
d07a1b0944bd22a3eeb923276a427aa7b16caa0f,2024-06-11,2024-06,"EPM Solution Architect (Consulting Solution Senior Director), Oracle Consulting",epm solution architect consulting solution senior director consulting,Consultant / Implementation,Oracle,1,"Springfield, IL",Illinois,Not specified,0,Full-time (> 32 hours),1,10.0,,1,0,0,0,139300.0,291900.0,215600.0,13,0,0,0,0,0,0,0,0,0,0,0
5301a49fddf7eb4399a422e257875d7a41ed1525,2024-07-27,2024-07,Senior Manager - Relation Analyst,senior manager relation analyst,Other Business / Analyst,Nutanix,0,"Indianapolis, IN",Indiana,Not specified,0,Full-time (> 32 hours),1,,,1,0,0,0,293880.0,293880.0,293880.0,8,0,0,0,0,0,0,0,0,0,0,0
8943d0580e0b1b47079919b73f3523ce190da48f,2024-05-04,2024-05,Enterprise Platform Architect,enterprise platform architect,Architect / Engineer,Electronic Arts,0,"Austin, TX",Texas,Not specified,0,Full-time (> 32 hours),1,,,1,0,0,0,,,,25,0,0,0,0,0,0,0,0,0,0,0
096dadf5045d88313b8e3bc6188a001f44d10ac7,2024-05-31,2024-05,Sr Consultant- Oracle Subscription Mgmt and Advanced Pricing,sr consultant subscription mgmt and advanced pricing,Consultant / Implementation,Oracle,1,"Springfield, IL",Illinois,Not specified,0,Full-time (> 32 hours),1,5.0,,1,0,0,0,86900.0,178200.0,132550.0,18,0,0,0,0,0,0,0,0,0,0,0
487b3bf622002a72f33f2d07001d86310d875bb7,2024-05-24,2024-05,"SAP BW Analyst with(Tax/finance background)_ MUST BE LOCAL TO Juno Beach ,Fl (or nearby someone who can relocate)",sap bw analyst with tax finance background must be local to juno beach fl or nearby someone who can relocate,Other Business / Analyst,Scadea Solutions,0,"North Palm Beach, FL",Florida,Not specified,0,Full-time (> 32 hours),1,,,1,0,0,0,,,,6,0,0,0,0,0,0,0,0,0,0,0
183070b959a86586cc2027d7319b2b80790cc42b,2024-05-31,2024-05,Data Analyst Job Description,data analyst description,Data / BI Analyst,Securekloud Technologies,0,"Livonia, MI",Michigan,Not specified,0,Full-time (> 32 hours),1,3.0,,1,1,0,0,,,,38,1,1,0,1,1,0,1,0,0,0,0
e6989d0ca9b8f08438969b619476afcca76da005,2024-05-31,2024-05,SAP OTC Consultant,sap otc consultant,Consultant / Implementation,Aanseacore,0,"Deerfield, IL",Illinois,Remote,1,Full-time (> 32 hours),1,15.0,,1,1,0,0,,,,47,0,0,0,0,0,0,0,0,0,0,0
25464daef5048a420b54f75edb88413d9c534700,2024-05-31,2024-05,Oracle (FAH) Functional Consultant- Finance Accounting Hub,fah functional consultant finance accounting hub,Consultant / Implementation,Oracle,1,"Jefferson City, MO",Missouri,Not specified,0,Full-time (> 32 hours),1,,,0,0,0,1,88500.0,199500.0,144000.0,12,0,0,0,0,0,0,0,0,0,0,0
44145ace0894ddfde0faa5ddfa925f2f39507a5f,2024-08-20,2024-08,Senior Consultant- Oracle Global Trade Mgmt (GTM) and Transportation Mgmt (OTM),senior consultant global trade mgmt gtm and transportation mgmt otm,Consultant / Implementation,Oracle,1,"Des Moines, IA",Iowa,Not specified,0,Part-time (â‰¤ 32 hours),0,5.0,,1,0,0,0,86900.0,178200.0,132550.0,19,0,0,0,0,0,0,0,0,0,0,0
18b7acebed1fefcd0647c17d73b7e76ce89b1433,2024-05-11,2024-05,"Senior HCM Consultant, Medium Enterprise",senior hcm consultant medium enterprise,Consultant / Implementation,Workday,0,"Seattle, WA",Washington,Not specified,0,Full-time (> 32 hours),1,10.0,,1,0,0,0,116900.0,175400.0,146150.0,14,0,0,0,0,0,0,0,0,0,0,0
913b2fbb1a2012da65c769c1dfd43664dcefed40,2024-05-12,2024-05,"Senior Manager, Analyst Relations, Oracle NetSuite (REMOTE)",senior manager analyst relations netsuite remote,Other Business / Analyst,Oracle,1,"Concord, NH",New Hampshire,Remote,1,Part-time (â‰¤ 32 hours),0,7.0,,0,0,0,1,97400.0,199500.0,148450.0,19,0,0,0,0,0,0,0,0,0,0,0
6ad34bff53a22f13e476d6f2724202e6a543a387,2024-05-12,2024-05,Oracle NetSuite - Sales Competitive Intelligence Analyst,netsuite sales competitive intelligence analyst,Sales / Pre-Sales,Oracle,1,"Atlanta, GA",Georgia,Not specified,0,Part-time (â‰¤ 32 hours),0,3.0,3.0,0,0,0,1,90100.0,147600.0,118850.0,17,0,0,0,0,0,0,0,0,0,0,0
22c44ac3cdd22d34315c9ff63235fcaf47a099e3,2024-07-16,2024-07,Senior Data Modeler,senior data modeler,Data / BI Analyst,Salesforce,0,"San Francisco, CA",California,Not specified,0,Full-time (> 32 hours),1,,,0,0,0,1,,,,34,1,0,1,0,0,0,0,0,0,0,0
88d4eede5bddb4f707f9f121ebf12e2c97b760eb,2024-09-17,2024-09,HCM Industry Strategy,hcm industry strategy,Other Business / Analyst,Oracle,1,"Boston, MA",Massachusetts,Not specified,0,Full-time (> 32 hours),1,,,1,1,0,0,,,,17,0,0,0,0,0,0,0,0,0,0,0
6c8c8c8c1fae8464d21e91d1a00ef7efbabbf8c1,2024-08-21,2024-08,External Reporting Analyst/Sr (Hybrid),external reporting analyst sr hybrid,Data / BI Analyst,Autodesk,0,"San Francisco, CA",California,Not specified,0,Full-time (> 32 hours),1,2.0,,1,0,0,0,81200.0,140140.0,110670.0,61,0,0,0,0,0,1,1,0,0,0,0
c02c6c3430553b994d24ff7c8e8b713b89dcb117,2024-08-29,2024-08,Software Engineer - Corporate Architecture,software engineer corporate architecture,Architect / Engineer,Oracle,1,"Boston, MA",Massachusetts,Not specified,0,Full-time (> 32 hours),1,,,1,1,1,0,,,,44,0,1,0,0,0,1,0,0,0,0,0
c591dd5a6b54105a23462cda420089f0ef76b92d,2024-08-23,2024-08,Senior Consultant- Oracle Global Trade Mgmt (GTM) and Transportation Mgmt (OTM),senior consultant global trade mgmt gtm and transportation mgmt otm,Consultant / Implementation,Oracle,1,"Lincoln, NE",Nebraska,Not specified,0,Part-time (â‰¤ 32 hours),0,5.0,,1,0,0,0,86900.0,178200.0,132550.0,19,0,0,0,0,0,0,0,0,0,0,0
5e2966c71d3dd8db88ea333036215faa74db304b,2024-08-03,2024-08,Oracle Fusion SaaS Technical Analyst,fusion saas technical analyst,Other Business / Analyst,Oracle,1,"Jackson, MS",Mississippi,Remote,1,Full-time (> 32 hours),1,,,0,0,0,1,69992.0,141294.0,105643.0,45,0,1,0,0,0,0,0,0,0,0,0
6f159d818c5bdfb668bae31dc2e9b14d57b32196,2024-08-09,2024-08,Senior Distinguished Architect,senior distinguished architect,Architect / Engineer,Autodesk,0,"[Unknown City], OR",Oregon,Not specified,0,Full-time (> 32 hours),1,10.0,,1,1,0,0,,,,17,0,0,0,0,0,0,0,0,0,0,0
356cebd80f4391d69648b9fd1cf50a5e3a8417fc,2024-08-09,2024-08,Cloud Migration Enterprise Architect,cloud migration enterprise architect,Architect / Engineer,Appic Solutions,0,"Des Moines, IA",Iowa,Not specified,0,Full-time (> 32 hours),1,4.0,,1,0,0,0,,,,24,0,1,0,0,0,0,0,0,1,0,0
7862bc61c30b3c1bbfeabdb1664ab2408a5125e2,2024-08-29,2024-08,Data Analyst,data analyst,Data / BI Analyst,Leandata,0,"Santa Clara, CA",California,Not specified,0,Full-time (> 32 hours),1,2.0,,1,0,0,0,80000.0,100000.0,90000.0,34,1,1,1,1,1,0,0,0,0,0,0
48f973d3786a331418f92016ef9def98808aa00e,2024-09-11,2024-09,US/Swedish - Regional Enablement Architect (Health Data and Analytics),us swedish regional enablement architect health data and analytics,Data / BI Analyst,Oracle,1,"Boston, MA",Massachusetts,Not specified,0,Full-time (> 32 hours),1,5.0,5.0,1,0,0,0,71200.0,158200.0,114700.0,13,0,0,0,0,0,0,0,0,0,0,0
a307a9c91fe52a80bb0749cad134557751b77a07,2024-08-17,2024-08,CX Cloud Consulting Technical Manager - Oracle Subscription Management Cloud,cx cloud consulting technical manager subscription management cloud,Consultant / Implementation,Oracle,1,"Oklahoma City, OK",Oklahoma,Not specified,0,Part-time (â‰¤ 32 hours),0,5.0,,1,0,0,0,88500.0,199500.0,144000.0,22,0,0,0,0,0,0,0,0,0,0,0
b962523f77c844ca3e7d41191ac0b475aabe5e7c,2024-08-12,2024-08,Senior Data Analyst/Data Warehouse Consultant,senior data analyst data warehouse consultant,Data / BI Analyst,Scadea Solutions,0,"Santa Clara, CA",California,Not specified,0,Full-time (> 32 hours),1,8.0,8.0,1,0,0,0,,,,36,1,0,0,1,1,0,0,1,0,0,0
b2c4efa7d5947fadcc1c40bf4130d3cc2e526f9a,2024-08-12,2024-08,Summer - Oracle NetSuite Technical Associate Consultant,summer netsuite technical associate consultant,Consultant / Implementation,Oracle,1,"Austin, TX",Texas,Not specified,0,Full-time (> 32 hours),1,,,1,0,0,0,41309.0,100006.0,70657.5,27,0,0,0,0,0,0,0,0,0,0,0
3792f2fd0b0ba393d3af1729b14d206b8781f861,2024-09-09,2024-09,2025 University Graduate - Business Architect,university graduate business architect,Architect / Engineer,Adobe,0,"San Jose, CA",California,Not specified,0,Full-time (> 32 hours),1,,,1,0,0,0,68100.0,141600.0,104850.0,15,0,0,0,0,0,0,0,0,0,0,0
d0acf1511e712e2b4d21ff99ed90b8a7b9b71740,2024-09-09,2024-09,Enterprise Sr Solutions Consultant - BilingÃ¼al,enterprise sr solutions consultant bilingÃ¼al,Consultant / Implementation,Sprinklr,0,"Austin, TX",Texas,Not specified,0,Full-time (> 32 hours),1,2.0,2.0,0,0,0,1,,,,11,0,0,0,0,0,0,0,0,0,0,0
ef08264057a7b1bb1991224d373199f9be634b23,2024-09-09,2024-09,GRC Security Analyst,grc security analyst,Other Business / Analyst,Sprinklr,0,"[Unknown City], TX",Texas,Remote,1,Full-time (> 32 hours),1,2.0,2.0,1,0,0,0,74000.0,99000.0,86500.0,30,0,0,0,0,0,0,0,0,0,0,0
1079c20ff893f98ba198b1b0c140dd9256108ba4,2024-09-06,2024-09,Finance Part-time Internship,finance internship,Other Business / Analyst,Datavisor,0,"Mountain View, CA",California,Not specified,0,Part-time (â‰¤ 32 hours),0,,,0,1,0,0,,,,23,0,0,0,0,0,0,1,0,0,0,0
4cb368cd12b3b046bb5a913c68bf38771c588a1a,2024-09-07,2024-09,Heroku Senior Technical Architect,heroku senior technical architect,Architect / Engineer,Salesforce,0,"Dallas, TX",Texas,Not specified,0,Full-time (> 32 hours),1,8.0,,0,1,0,0,157900.0,217200.0,187550.0,43,0,1,0,0,0,0,0,0,0,0,0
ae2dc41a2dc9c305e4c1ae69bf28f869d1a3a1d9,2024-09-07,2024-09,2025 University Graduate - Enterprise Architecture Analyst,university graduate enterprise architecture analyst,Architect / Engineer,Adobe,0,"New York, NY",New York,Not specified,0,Full-time (> 32 hours),1,,,1,1,0,0,135900.0,135900.0,135900.0,20,0,0,0,0,0,0,0,0,0,0,0
001329ae7906ca12fad44ab49f074b57d79c457e,2024-09-07,2024-09,Cloud Data Platform Enterprise Architect (Presales),cloud data platform enterprise architect presales,Sales / Pre-Sales,Oracle,1,"Boston, MA",Massachusetts,Not specified,0,Full-time (> 32 hours),1,10.0,,0,0,0,1,137900.0,232300.0,185100.0,36,0,0,0,0,0,0,0,1,1,1,0
49523d2fea63697620121b1f037014e38be495d5,2024-05-16,2024-05,Oracle ERP Cloud Applications Solution Advisor,erp cloud applications solution advisor,Other Business / Analyst,Oracle,1,"Helena, MT",Montana,Not specified,0,Full-time (> 32 hours),1,,,0,0,0,1,120100.0,500000.0,310050.0,32,0,0,0,0,0,0,0,0,0,0,0
0724e0cdd5d7dc3cf838325227ed6f1283223541,2024-09-19,2024-09,Principal - Enterprise Architect - Federal,principal enterprise architect federal,Architect / Engineer,Workday,0,"[Unknown City], WA",Washington,Not specified,0,Full-time (> 32 hours),1,,,1,0,0,0,157200.0,235600.0,196400.0,24,0,0,0,0,0,0,0,0,0,0,0
87ea17adc15da687bafb79feb0337477ffedcd12,2024-09-19,2024-09,Implementation Analyst,implementation analyst,Consultant / Implementation,Rldatix,0,"[Unknown City], SC",South Carolina,Not specified,0,Full-time (> 32 hours),1,,,0,0,0,1,,,,9,0,0,0,0,0,0,0,0,0,0,0
c9a18629b75ce734f33e1d1254f52f954c258be1,2024-09-04,2024-09,Business Intelligence Analyst,business intelligence analyst,Data / BI Analyst,Planetart.Com,0,"Calabasas, CA",California,Hybrid Remote,0,Full-time (> 32 hours),1,3.0,,1,0,0,0,75000.0,120000.0,97500.0,27,1,1,1,1,0,1,0,0,0,0,0
aa7343e64348693d0999a27a1af9fcd5241fc3f3,2024-09-28,2024-09,Treasury Data Analytics and Forecasting,treasury data analytics and forecasting,Data / BI Analyst,Block,0,"New York, NY",New York,Remote,1,Full-time (> 32 hours),1,5.0,5.0,0,0,0,1,111700.0,167500.0,139600.0,28,1,0,1,0,0,0,0,0,0,0,0
141c124bdce5f9e0222b137ae4d50cd44eeed65a,2024-06-21,2024-06,Principal - Enterprise Architect - Federal,principal enterprise architect federal,Architect / Engineer,Workday,0,"Greenbelt, MD",Maryland,Not specified,0,Full-time (> 32 hours),1,,,1,0,0,0,157200.0,235600.0,196400.0,24,0,0,0,0,0,0,0,0,0,0,0
4c7e3718b908633042a95c25a1e3319e78a67d6a,2024-06-24,2024-06,Data Modernization Analyst,data modernization analyst,Other Business / Analyst,Scadea Solutions,0,"Jackson, MS",Mississippi,Not specified,0,Full-time (> 32 hours),1,,,0,0,0,1,,,,11,0,0,0,0,0,0,0,0,0,0,0
9d63152c7dcfa9aa4ece104b8f5fd4864e551087,2024-08-06,2024-08,Customer Success Data Analyst,customer success data analyst,Data / BI Analyst,Jamf Software,0,"Minneapolis, MN",Minnesota,Remote,1,Full-time (> 32 hours),1,5.0,,1,0,0,0,,,,24,0,0,0,0,0,0,0,0,0,0,0
cf1dea83d178094eeb36be5d12181da6d075ad0f,2024-09-25,2024-09,Oracle Health Principal Consultant - CommunityWorks (Community Learning Centers / CLC),health principal consultant communityworks community learning centers clc,Consultant / Implementation,Oracle,1,"Boston, MA",Massachusetts,Not specified,0,Full-time (> 32 hours),1,8.0,,0,0,0,1,71200.0,158200.0,114700.0,11,0,0,0,0,0,0,0,0,0,0,0
8e67cede9a8f2475d8fe6991293bdd9395c35a13,2024-09-09,2024-09,Principal Consultant,principal consultant,Consultant / Implementation,Oracle,1,"Kansas City, MO",Missouri,Not specified,0,Full-time (> 32 hours),1,,,0,0,0,1,,,,14,0,0,0,0,0,0,0,0,0,0,0
37e74ba6145649059da6b598912d4cfd78eea8fb,2024-08-20,2024-08,CX Cloud Consulting Technical Manager - Oracle Subscription Management Cloud,cx cloud consulting technical manager subscription management cloud,Consultant / Implementation,Oracle,1,"Madison, WI",Wisconsin,Not specified,0,Part-time (â‰¤ 32 hours),0,5.0,,1,0,0,0,88500.0,199500.0,144000.0,22,0,0,0,0,0,0,0,0,0,0,0
6cc677d788b1dbb795aaeaa551d7a0a6197a5d0d,2024-08-20,2024-08,Oralce Process Manufacturing (OPM) Techno-Functional Analyst,oralce process manufacturing opm techno functional analyst,Consultant / Implementation,Oracle,1,"Boston, MA",Massachusetts,Not specified,0,Full-time (> 32 hours),1,7.0,,0,0,0,1,78998.0,158205.0,118601.5,15,1,0,0,0,0,0,0,0,0,0,0
0b55a2d2abb0d373b94f4063b3fcf73c940d16e0,2024-09-28,2024-09,Principal - Enterprise Architect - Federal,principal enterprise architect federal,Architect / Engineer,Workday,0,"McLean, VA",Virginia,Not specified,0,Full-time (> 32 hours),1,,,1,0,0,0,157200.0,235600.0,196400.0,25,0,0,0,0,0,0,0,0,0,0,0
e5350fd963e984dcc54eb56151447e4c784b4cd1,2024-05-31,2024-05,"SAP EWM Analyst/Architect_Local to Atlanta, GA for hybrid role",sap ewm analyst architect local to for hybrid role,Architect / Engineer,Scadea Solutions,0,"Atlanta, GA",Georgia,Not specified,0,Full-time (> 32 hours),1,,,0,0,0,1,,,,3,0,0,0,0,0,0,0,0,0,0,0
90b1e1392523930a9c6bbd26ebcf4448ff82bb22,2024-06-05,2024-06,Industrial Manufacturing Systems Architect Job Description,industrial manufacturing systems architect description,Architect / Engineer,Securekloud Technologies,0,"Dearborn, MI",Michigan,Hybrid Remote,0,Full-time (> 32 hours),1,5.0,,1,0,0,0,,,,37,0,0,0,0,0,0,0,0,0,0,0
18a217e8ff7e7a9ca386344b70c2c9acc8d59784,2024-05-09,2024-05,Business Intelligence Analyst,business intelligence analyst,Data / BI Analyst,Autodesk,0,"San Francisco, CA",California,Not specified,0,Full-time (> 32 hours),1,,,1,0,0,0,87400.0,150700.0,119050.0,37,1,1,0,1,1,0,1,0,0,0,0
4da8de4e9bbe02c5532fa53b4dd5fc013f65b3c0,2024-06-26,2024-06,SAP MDG Sr. Consultant,sap mdg sr consultant,Consultant / Implementation,SAP,0,"Newtown Square, PA",Pennsylvania,Not specified,0,Full-time (> 32 hours),1,,,1,0,0,0,,,,27,0,0,0,0,0,0,0,0,0,0,0
ec721ab6a1f8b172d17d60af60b2f2664b0a24fb,2024-07-04,2024-07,Oracle ERP Cloud Applications Solution Advisor,erp cloud applications solution advisor,Other Business / Analyst,Oracle,1,"Richmond, VA",Virginia,Not specified,0,Part-time (â‰¤ 32 hours),0,,,0,0,0,1,120100.0,500000.0,310050.0,34,0,0,0,0,0,0,0,0,0,0,0
054d636de42b6c76883df73a9333aed2baffa6e2,2024-08-19,2024-08,Data Analyst,data analyst,Data / BI Analyst,Iris Software,0,"Irving, TX",Texas,Hybrid Remote,0,Full-time (> 32 hours),1,,,0,0,0,1,,,,23,1,1,0,0,0,0,0,0,0,0,0
857e8702e576fdbb027a976c50dc46ccbb49c673,2024-07-02,2024-07,Enterprise Architect,enterprise architect,Architect / Engineer,Workday,0,"Downtown Brooklyn, NY",New York,Not specified,0,Full-time (> 32 hours),1,4.0,,1,1,0,0,138500.0,208000.0,173250.0,18,0,0,0,0,0,0,0,0,0,0,0
77531992f9c7af7c6daabd4986ec9a007565ccce,2024-07-02,2024-07,ERP Functional Lead - NetSuite ACS,erp functional lead netsuite acs,Consultant / Implementation,Oracle,1,"Columbia, SC",South Carolina,Not specified,0,Part-time (â‰¤ 32 hours),0,10.0,,1,0,0,0,116300.0,254000.0,185150.0,32,0,0,0,0,0,0,0,0,0,0,0
631ccd9bb1ed0e44223e02b7f4bacc6e6516ca21,2024-09-23,2024-09,"Director, Cloud HCM Customer Program Manager",director cloud hcm customer program manager,Other Business / Analyst,Oracle,1,"Denver, CO",Colorado,Not specified,0,Part-time (â‰¤ 32 hours),0,,,1,0,0,0,130000.0,291900.0,210950.0,25,0,0,0,0,0,0,0,0,0,0,0
cc011c2f5b2c471b598f2a15eb3fc59ea7dd829e,2024-09-16,2024-09,AI Data Trainer - Mathematics Specialist,ai data trainer mathematics specialist,AI Data Trainer,Outlier Ai,0,"Columbus, OH",Ohio,Not specified,0,Full-time (> 32 hours),1,,,1,0,0,0,62400.0,104000.0,83200.0,5,0,0,0,0,0,0,0,0,0,0,0
add903de9c7c87ca1dbb6c8013fbe3eafe55fd77,2024-09-16,2024-09,AI Data Trainer - Mathematics Specialist,ai data trainer mathematics specialist,AI Data Trainer,Outlier Ai,0,"Mesa, AZ",Arizona,Not specified,0,Full-time (> 32 hours),1,,,1,0,0,0,62400.0,104000.0,83200.0,5,0,0,0,0,0,0,0,0,0,0,0
464e3c6ebfb67d07a02fd11af88c6016886a75cf,2024-09-16,2024-09,AI Data Trainer - Mathematics Specialist,ai data trainer mathematics specialist,AI Data Trainer,Outlier Ai,0,"Newark, DE",Delaware,Not specified,0,Full-time (> 32 hours),1,,,1,0,0,0,62400.0,104000.0,83200.0,5,0,0,0,0,0,0,0,0,0,0,0
908e130d1e17e4bf46d5d605d04ac83a4d4a7d45,2024-09-05,2024-09,Role: Data Governance Analyst,role data governance analyst,Other Business / Analyst,Satsyil,0,"McLean, VA",Virginia,Remote,1,Full-time (> 32 hours),1,3.0,,0,0,0,1,,,,16,0,0,0,0,0,0,0,0,0,0,0
bb8bfa636e5fc284e87b1aa1ef3d52bbc8e83a8a,2024-07-03,2024-07,Production Support Data Analyst,production support data analyst,Data / BI Analyst,Scadea Solutions,0,"New York, NY",New York,Not specified,0,Full-time (> 32 hours),1,10.0,,0,0,0,1,,,,12,0,0,0,0,0,0,0,0,0,0,0
070607fa9d87c6252633f4f77c7f25d807ca94ae,2024-06-27,2024-06,Principal Business Intelligence Analyst,principal business intelligence analyst,Data / BI Analyst,Oracle,1,"Sacramento, CA",California,Not specified,0,Full-time (> 32 hours),1,,,0,0,0,1,73800.0,178200.0,126000.0,23,1,1,1,0,0,0,0,0,0,0,0
974d2dc973b6e1798857304bd60805eaf76d60ea,2024-09-10,2024-09,GRC Security Analyst,grc security analyst,Other Business / Analyst,Sprinklr,0,"Indianapolis, IN",Indiana,Remote,1,Full-time (> 32 hours),1,2.0,2.0,1,0,0,0,74000.0,99000.0,86500.0,29,0,0,0,0,0,0,0,0,0,0,0
57d752bd54c80f21e864e35be558af92ef17ac12,2024-08-09,2024-08,Data Analyst,data analyst,Data / BI Analyst,Idiq,0,"Temecula, CA",California,Not specified,0,Full-time (> 32 hours),1,5.0,,1,0,0,0,95000.0,125000.0,110000.0,49,1,0,1,1,1,0,0,0,0,0,0
ebd695238664978b3ad54880682fe75075a8dfeb,2024-07-10,2024-07,"Product Analyst, AfP",product analyst afp,Other Business / Analyst,Adyen,0,"Chicago, IL",Illinois,Remote,1,Full-time (> 32 hours),1,5.0,5.0,0,0,0,1,,,,36,1,1,0,0,0,0,0,0,0,0,0
ea75fa9d0c88e21174b4c8b26a21ed95ad7d25c5,2024-07-09,2024-07,Enterprise Platform Architect,enterprise platform architect,Architect / Engineer,Electronic Arts,0,"Austin, TX",Texas,Remote,1,Full-time (> 32 hours),1,,,1,0,0,0,138200.0,219000.0,178600.0,29,0,0,0,0,0,0,0,0,0,0,0
7c2fd24b959dabcae148a9d01f4d71ca01ceb9c3,2024-05-28,2024-05,"Senior HCM Consultant, Medium Enterprise",senior hcm consultant medium enterprise,Consultant / Implementation,Workday,0,"Beaverton, OR",Oregon,Not specified,0,Full-time (> 32 hours),1,10.0,,1,0,0,0,116900.0,175400.0,146150.0,14,0,0,0,0,0,0,0,0,0,0,0
3eae1cc4a425337ecee4bd9b4ae7155ef2934adb,2024-09-27,2024-09,Business Intelligence Analyst,business intelligence analyst,Data / BI Analyst,Autodesk,0,"San Francisco, CA",California,Remote,1,Full-time (> 32 hours),1,,,0,1,0,0,,,,29,1,1,0,0,1,1,0,0,0,0,0
febb1a777a79bf18746af49e70c9432e14aae888,2024-09-27,2024-09,"Senior Data Analyst, Revenue Operations",senior data analyst revenue operations,Data / BI Analyst,Adyen,0,"New York, NY",New York,Remote,1,Full-time (> 32 hours),1,4.0,,0,0,0,1,150000.0,180000.0,165000.0,38,1,1,0,0,1,0,0,0,0,0,1
879e7fef630cc9cffb88d6260236046fca2f5994,2024-09-03,2024-09,"Enterprise Solutions Architect, Sr Staff",enterprise solutions architect sr staff,Architect / Engineer,Synopsys,0,"Austin, TX",Texas,Not specified,0,Full-time (> 32 hours),1,,,1,1,0,0,118000.0,176000.0,147000.0,22,0,0,0,0,0,0,0,1,1,0,0
40fbc2145b84c4c38a5b7a2a6f32c2172cd25345,2024-08-06,2024-08,Corporate Systems Architect - 6157230,corporate systems architect,Architect / Engineer,Tanium,0,"Clyde Hill, WA",Washington,Not specified,0,Full-time (> 32 hours),1,8.0,,1,0,0,0,110000.0,325000.0,217500.0,51,0,0,0,0,0,0,0,0,0,0,0
2dbe14c674d28c1553a8c509401f0c48a4a7b5b6,2024-09-26,2024-09,Oracle Cloud ERP Financial Consulting Lead - Public Sector ( US Remote),cloud erp financial consulting lead public sector us remote,Consultant / Implementation,Oracle,1,"Springfield, IL",Illinois,Remote,1,Full-time (> 32 hours),1,5.0,,1,0,0,0,88500.0,199500.0,144000.0,24,0,0,0,0,0,0,0,0,0,0,0
4fd1709b76eedc9c02744805a4453bb28c89eeb7,2024-09-30,2024-09,Sales Data and Reporting Analyst,sales data and reporting analyst,Data / BI Analyst,Calabrio,0,"Minneapolis, MN",Minnesota,Not specified,0,Full-time (> 32 hours),1,3.0,,1,0,0,0,,,,24,0,0,0,1,0,0,0,0,0,0,0
875351ca0b3e99ffb17788ac99de53652aebe8c3,2024-09-26,2024-09,Oracle Fusion Financials Functional Consultant- Public Sector,fusion financials functional consultant public sector,Consultant / Implementation,Oracle,1,"Boston, MA",Massachusetts,Not specified,0,Full-time (> 32 hours),1,7.0,,1,0,0,0,86900.0,178200.0,132550.0,23,0,0,0,0,0,0,0,0,0,0,0
2ad09a6635fb849d57b17126c7c3a321ddf4063d,2024-05-05,2024-05,"Data Modeler (Principal, Lead, Senior)",data modeler principal lead senior,Data / BI Analyst,Salesforce,0,"San Francisco, CA",California,Not specified,0,Full-time (> 32 hours),1,,,0,0,0,1,,,,30,1,0,0,0,0,0,0,0,0,0,0
27ccc3f1203fc53e5ab02346cede5b24a6352b11,2024-06-16,2024-06,"Principal, Strategy & Business Operations Manager, Portfolio Unification",principal strategy business operations manager portfolio unification,Other Business / Analyst,Atlassian,0,"San Francisco, CA",California,Not specified,0,Full-time (> 32 hours),1,10.0,,0,0,0,1,152800.0,203700.0,178250.0,21,1,0,0,0,0,0,0,0,0,0,0
3ce29b78a28fba4c85f7cde04c8d25fca9324129,2024-06-04,2024-06,Data Analyst with L&D Administrator - 2-3+ exp,data analyst with l d administrator exp,Data / BI Analyst,Securekloud Technologies,0,"Warren, MI",Michigan,Not specified,0,Full-time (> 32 hours),1,3.0,,1,0,0,0,,,,32,1,0,0,1,1,0,1,0,0,0,0
30b8dc109892ceea51ad9ef8e21195190777d0fe,2024-06-04,2024-06,Associate Consultant,associate consultant,Consultant / Implementation,Oracle,1,"Kansas City, MO",Missouri,Not specified,0,Full-time (> 32 hours),1,0.0,0.0,1,0,0,0,,,,12,0,0,1,0,0,0,0,0,0,0,0
25e44d61d5fcc2237479a498fad788fe15bc616a,2024-05-29,2024-05,Senior Data Analyst,senior data analyst,Data / BI Analyst,Electronic Arts,0,"Austin, TX",Texas,Not Remote,0,Full-time (> 32 hours),1,4.0,,1,0,0,0,89300.0,123000.0,106150.0,27,1,0,1,1,0,0,0,0,0,0,0
98ac0f2a4d2c6000f98223e50a3ddf845788f287,2024-05-04,2024-05,"Senior Manager, Analyst Relations, Oracle NetSuite (REMOTE)",senior manager analyst relations netsuite remote,Other Business / Analyst,Oracle,1,"Helena, MT",Montana,Remote,1,Full-time (> 32 hours),1,7.0,,0,0,0,1,97400.0,199500.0,148450.0,18,0,0,0,0,0,0,0,0,0,0,0
ee1cf7c149de648d62e1777b39428d17903daa2a,2024-08-20,2024-08,UX Data Analyst,ux data analyst,Data / BI Analyst,Foxit Software,0,"Fremont, CA",California,Not specified,0,Full-time (> 32 hours),1,2.0,,1,0,0,0,66000.0,82000.0,74000.0,23,0,0,0,0,1,0,0,0,0,0,0
b0aafd41e99390c9734c6197baf2707bd6a14b38,2024-08-20,2024-08,Oracle Technical Pre-Sales Consultant - Oracle Cloud HCM & ERP Senior Sales Consultant Remote,technical pre sales consultant cloud hcm erp senior sales consultant remote,Sales / Pre-Sales,Oracle,1,"Boston, MA",Massachusetts,Not specified,0,Full-time (> 32 hours),1,10.0,,0,0,0,1,63003.0,159099.0,111051.0,46,1,0,0,0,0,1,0,0,0,0,0
38f2c533b5f10d99e5dbc9a6dd5bc00fcce1c1db,2024-08-20,2024-08,Lead SaaS Techno-Functional Analyst (HCM),lead saas techno functional analyst hcm,Consultant / Implementation,Oracle,1,"Sacramento, CA",California,Not specified,0,Part-time (â‰¤ 32 hours),0,,,1,0,0,0,93496.0,199493.0,146494.5,11,0,0,0,0,0,0,0,0,0,0,0
40fbb150af6f0b152eeb1be6a8523941e5853065,2024-07-15,2024-07,Enterprise Cloud Architect,enterprise cloud architect,Architect / Engineer,Scadea Solutions,0,"Houston, TX",Texas,Not specified,0,Full-time (> 32 hours),1,,,0,0,0,1,,,,60,0,0,1,1,0,1,0,1,1,1,0
ac485543b173b6d19284088bdfb3827225ad5279,2024-09-18,2024-09,Oracle Health Principal Consultant - Oncology,health principal consultant oncology,Consultant / Implementation,Oracle,1,"Boston, MA",Massachusetts,Not specified,0,Full-time (> 32 hours),1,8.0,,1,0,0,0,71200.0,158200.0,114700.0,15,0,0,0,0,0,0,0,0,0,0,0
2b74e1764b7a695dfcf9954906940ea54c7c9dbf,2024-09-18,2024-09,Oracle Health Principal Consultant - Ambulatory,health principal consultant ambulatory,Consultant / Implementation,Oracle,1,"Albany, NY",New York,Not specified,0,Part-time (â‰¤ 32 hours),0,8.0,,1,0,0,0,71200.0,158200.0,114700.0,14,0,0,0,0,0,0,0,0,0,0,0
60b0f9b1d864cbf0144a99ab2083a829ef11eed7,2024-06-11,2024-06,Business Intelligence Analyst,business intelligence analyst,Data / BI Analyst,Block,0,"San Francisco, CA",California,Not specified,0,Full-time (> 32 hours),1,2.0,,0,0,0,1,,,,21,1,0,1,1,0,0,0,0,0,0,0
14cb38d2b178d2c9d4b48587f0a49dcd7fc68c53,2024-08-09,2024-08,Knowledge Analyst 3-Support,knowledge analyst support,Other Business / Analyst,Oracle,1,"Broomfield, CO",Colorado,Not specified,0,Full-time (> 32 hours),1,,,0,0,0,1,,,,7,0,0,0,0,0,0,0,0,0,0,0
22a9adeeeb52f4ffc5d9e471c429f8f3ac9da6da,2024-08-18,2024-08,Oracle SaaS HCM Lead Techno-Functional Analyst,saas hcm lead techno functional analyst,Consultant / Implementation,Oracle,1,"Columbia, SC",South Carolina,Not specified,0,Full-time (> 32 hours),1,10.0,10.0,1,1,0,0,78998.0,158205.0,118601.5,46,1,0,0,0,0,0,0,0,0,0,0
8c59a88bd14a3faab56cd26958b6dedf0db4437c,2024-08-18,2024-08,Senior Principal Consultant - Manufacturing - NetSuite ACS,senior principal consultant manufacturing netsuite acs,Consultant / Implementation,Oracle,1,"Little Rock, AR",Arkansas,Not specified,0,Full-time (> 32 hours),1,6.0,6.0,1,0,0,0,76700.0,167000.0,121850.0,30,0,0,0,0,0,0,0,0,0,0,0
c51dce697eee8a856252019e9ff8d4ce4121bffc,2024-09-23,2024-09,Senior Data Analyst (Python & SQL),senior data analyst python sql,Data / BI Analyst,Securekloud Technologies,0,"Los Angeles, CA",California,Not specified,0,Full-time (> 32 hours),1,6.0,6.0,0,0,0,1,,,,27,1,1,0,0,0,0,0,0,0,0,0
855b247df9144585d190e22774bbcbe70368c752,2024-07-13,2024-07,OFSAA - Technical Manager,ofsaa technical manager,Other Business / Analyst,Oracle,1,"Springfield, IL",Illinois,Not specified,0,Full-time (> 32 hours),1,6.0,6.0,0,0,0,1,86900.0,178200.0,132550.0,16,0,0,0,0,0,0,0,0,0,0,0
38887a099b34a00eee75566fd1cce1b781f096f9,2024-08-14,2024-08,"Consulting Technical Manager, ERP Cloud Technical/Integration Lead",consulting technical manager erp cloud technical integration lead,Consultant / Implementation,Oracle,1,"Olympia, WA",Washington,Not specified,0,Part-time (â‰¤ 32 hours),0,,,0,0,0,1,88500.0,199500.0,144000.0,36,0,0,0,0,0,0,0,0,0,0,0
35b9714a6ecd6eca5b6af1b0f3a3e7d96f959ca7,2024-06-28,2024-06,Oracle Payments OPI Enablement Consultant,oracle payments opi enablement consultant,Consultant / Implementation,Oracle,1,"Helena, MT",Montana,Not specified,0,Full-time (> 32 hours),1,1.0,,0,0,0,1,67000.0,141300.0,104150.0,5,0,0,0,0,0,0,0,0,0,0,0
1035c6f06b1ef1cc2b258ed67ced06becb106720,2024-05-06,2024-05,Customer Success Intern,customer success intern,Other Business / Analyst,FireEye,0,"Plano, TX",Texas,Not specified,0,Full-time (> 32 hours),1,,,0,0,0,1,52000.0,52000.0,52000.0,25,0,0,0,0,0,0,1,0,0,0,0
7d6d8044456825f7b8f88af35d3b5ada22fdb4d0,2024-06-18,2024-06,Business Analytics,business analytics,Data / BI Analyst,Microsoft,0,"Redmond, WA",Washington,Remote,1,Full-time (> 32 hours),1,0.0,,0,1,0,0,155000.0,185000.0,170000.0,14,1,0,0,0,1,0,0,0,0,0,0
826064bd1c856e8959c62da1b91d887d6a922d1a,2024-09-16,2024-09,AI Data Trainer - Mathematics Specialist,ai data trainer mathematics specialist,AI Data Trainer,Outlier Ai,0,"Grand Rapids, MI",Michigan,Not specified,0,Full-time (> 32 hours),1,,,1,0,0,0,62400.0,104000.0,83200.0,5,0,0,0,0,0,0,0,0,0,0,0
24f4cd54020b1feae37d67e081e76dfa39b156ad,2024-09-16,2024-09,AI Data Trainer - Mathematics Specialist,ai data trainer mathematics specialist,AI Data Trainer,Outlier Ai,0,"Lawrenceville, GA",Georgia,Not specified,0,Full-time (> 32 hours),1,,,1,0,0,0,62400.0,104000.0,83200.0,5,0,0,0,0,0,0,0,0,0,0,0
ec9a1e2f8e72afc90b67cfc9b2352289499fb007,2024-09-16,2024-09,AI Data Trainer - Mathematics Specialist,ai data trainer mathematics specialist,AI Data Trainer,Outlier Ai,0,"Knoxville, TN",Tennessee,Not specified,0,Full-time (> 32 hours),1,,,1,0,0,0,62400.0,104000.0,83200.0,5,0,0,0,0,0,0,0,0,0,0,0
6559f4f72c4ebbcc54b6f07f5db555e0db675a09,2024-09-28,2024-09,Principal - Enterprise Architect - Federal,principal enterprise architect federal,Architect / Engineer,Workday,0,"Washington, DC","Washington, D.C. (District of Columbia)",Not specified,0,Full-time (> 32 hours),1,,,1,0,0,0,157200.0,235600.0,196400.0,25,0,0,0,0,0,0,0,0,0,0,0
04cb7fbb5ed27308ed8e9dd711539746c87d4e46,2024-09-16,2024-09,"Senior Manager, Oracle Health Analytics Consulting, Analytics Center of Excellence, Consulting Serv",senior manager health analytics consulting analytics center of excellence consulting serv,Data / BI Analyst,Oracle,1,"Baton Rouge, LA",Louisiana,Not specified,0,Part-time (â‰¤ 32 hours),0,2.0,,1,0,0,0,106100.0,251600.0,178850.0,20,0,0,0,0,0,0,0,0,0,0,0
71c5a24401dd161deadf9d69fadd4031beeaea91,2024-09-16,2024-09,AI Data Trainer - Mathematics Specialist,ai data trainer mathematics specialist,AI Data Trainer,Outlier Ai,0,"Pittsburgh, PA",Pennsylvania,Not specified,0,Full-time (> 32 hours),1,,,1,0,0,0,62400.0,104000.0,83200.0,5,0,0,0,0,0,0,0,0,0,0,0
1430efe78122ad194510eee0bbf4b36f63f25ad2,2024-08-20,2024-08,"Data Analytics Consultant (Remote, United States)",data analytics consultant remote united states,Data / BI Analyst,Dynatrace,0,"Detroit, MI",Michigan,Remote,1,Full-time (> 32 hours),1,3.0,3.0,1,0,0,0,76500.0,85000.0,80750.0,33,0,0,1,0,1,0,0,0,0,0,0
09c067e4b5af810ceb0707a5ec77a0044b0532af,2024-09-25,2024-09,Cloud Solution Architect - Enterprise Voice - CTJ - Poly,cloud solution architect enterprise voice ctj poly,Architect / Engineer,Microsoft,0,"Elkridge, MD",Maryland,Not specified,0,Full-time (> 32 hours),1,7.0,,1,0,0,0,129200.0,248800.0,189000.0,19,0,0,0,0,0,0,0,1,1,0,0
5eade175fe4cb7ea0db7761add8001ac1a1c0937,2024-09-25,2024-09,ERP Consultant - Sage Intacct,erp consultant sage intacct,Consultant / Implementation,Swk Technologies,0,"Washington, DC","Washington, D.C. (District of Columbia)",Not specified,0,Full-time (> 32 hours),1,2.0,2.0,0,0,0,1,,,,12,0,0,0,0,0,0,0,0,0,0,0
a5271fd870830c99242befcbe72498f4640ab4e6,2024-08-19,2024-08,Data & Analytics Consultant II,data analytics consultant ii,Data / BI Analyst,RealPage,0,"Richardson, TX",Texas,Not specified,0,Full-time (> 32 hours),1,5.0,,1,0,0,0,,,,29,0,0,0,0,0,0,1,0,0,0,0
2790a6a9a817b56817b544f04cfd12e4979ec87f,2024-05-09,2024-05,Data Analyst Sr,data analyst sr,Data / BI Analyst,Nexsolv,0,"Linthicum Heights, MD",Maryland,Not specified,0,Full-time (> 32 hours),1,5.0,,1,0,0,0,,,,24,1,0,0,0,0,0,0,0,1,0,0
0ff236769800436d3f4cd14c66f1252658861c8b,2024-05-12,2024-05,Cloud ERP Financials Functional Lead - Public Sector (US Remote),cloud erp financials functional lead public sect remote,Consultant / Implementation,Oracle,1,"Salem, OR",Oregon,Remote,1,Part-time (â‰¤ 32 hours),0,5.0,,1,0,0,0,88500.0,199500.0,144000.0,23,0,0,0,0,0,0,0,0,0,0,0
da4f408e8417de59a837b7ed7326f52a348cde44,2024-05-12,2024-05,"Senior Manager, Analyst Relations, Oracle Fusion Cloud ERP (REMOTE)",senior manager analyst relations fusion cloud erp remote,Other Business / Analyst,Oracle,1,"Indianapolis, IN",Indiana,Remote,1,Part-time (â‰¤ 32 hours),0,7.0,,0,0,0,1,97400.0,199500.0,148450.0,22,0,0,0,0,0,0,0,0,0,0,0
07cba8439c98bfa1260745b9d6ccac1af49f15cd,2024-05-12,2024-05,Oracle NetSuite - Senior Revenue Insights Analyst,netsuite senior revenue insights analyst,Data / BI Analyst,Oracle,1,"Jackson, MS",Mississippi,Not specified,0,Part-time (â‰¤ 32 hours),0,,,0,0,0,1,79000.0,158200.0,118600.0,46,0,0,1,0,0,0,0,0,0,0,0
c6cbce96a07b13d071aaf483ef6f205ec9823476,2024-05-12,2024-05,"Senior Manager, Analyst Relations, Oracle NetSuite (REMOTE)",senior manager analyst relations netsuite remote,Other Business / Analyst,Oracle,1,"Harrisburg, PA",Pennsylvania,Remote,1,Part-time (â‰¤ 32 hours),0,7.0,,0,0,0,1,97400.0,199500.0,148450.0,19,0,0,0,0,0,0,0,0,0,0,0
da746162c221905c00a890d0861bc91265152736,2024-05-12,2024-05,Lead SaaS Techno-Functional Analyst (HCM),lead saas techno functional analyst hcm,Consultant / Implementation,Oracle,1,"Columbus, OH",Ohio,Not specified,0,Part-time (â‰¤ 32 hours),0,,,1,0,0,0,93496.0,199493.0,146494.5,11,0,0,0,0,0,0,0,0,0,0,0
788bbb1d921a0016e43b026cbdeb6560b5d865f3,2024-05-29,2024-05,Senior Principal Cloud Consultant - ERP Cloud - Security and Controls,senior principal cloud consultant erp cloud security and controls,Consultant / Implementation,Oracle,1,"Springfield, IL",Illinois,Not specified,0,Full-time (> 32 hours),1,4.0,4.0,0,0,0,1,86900.0,178200.0,132550.0,11,0,0,0,0,0,0,0,0,0,0,0
3f4afab2a380f26f6e5931eff0f3113d5e86d0a3,2024-06-03,2024-06,Oracle NetSuite Senior Sales Consultant - Account Management Organization,netsuite senior sales consultant account management organization,Sales / Pre-Sales,Oracle,1,"Albany, NY",New York,Not specified,0,Full-time (> 32 hours),1,3.0,,1,1,0,0,,,,28,0,0,0,0,0,0,0,0,0,0,0
1e3785ec3813c5f096afd817dc7a6ab3b888b946,2024-05-29,2024-05,Enterprise Architect,enterprise architect,Architect / Engineer,Edz Systems,0,"Mission, KS",Kansas,Not specified,0,Full-time (> 32 hours),1,5.0,,1,0,0,0,150000.0,175000.0,162500.0,28,0,0,0,0,0,0,1,0,0,0,0
b70183f9f1b250bb8603b7b8ae2d9538155d3b40,2024-06-08,2024-06,Business Intelligence Analyst,business intelligence analyst,Data / BI Analyst,Planetart.Com,0,"Calabasas, CA",California,Hybrid Remote,0,Full-time (> 32 hours),1,3.0,,1,0,0,0,75000.0,100000.0,87500.0,26,1,1,1,1,0,1,0,0,0,0,0
bdf496f71093d9b899b4817bd9042923bc10180c,2024-06-08,2024-06,Principal Business Architect,principal business architect,Architect / Engineer,Microsoft,0,"Atlanta, GA",Georgia,Not specified,0,Full-time (> 32 hours),1,6.0,,1,0,0,0,137600.0,267000.0,202300.0,30,0,0,0,0,0,0,0,0,0,0,0
e4db1c31ed22cbbd90969c3ee34e1f14b8a7d41b,2024-06-08,2024-06,"Enterprise Solutions Architect, Principal",enterprise solutions architect principal,Architect / Engineer,Synopsys,0,"Sunnyvale, CA",California,Not specified,0,Full-time (> 32 hours),1,,,1,1,0,0,154000.0,230000.0,192000.0,19,0,0,0,0,0,0,0,1,1,0,0
470273120921a01973592103b4df2d6e1db08c12,2024-09-05,2024-09,2025 University Graduate - Enterprise Architecture Analyst,university graduate enterprise architecture analyst,Architect / Engineer,Adobe,0,"New York, NY",New York,Not specified,0,Full-time (> 32 hours),1,,,1,1,0,0,135900.0,135900.0,135900.0,20,0,0,0,0,0,0,0,0,0,0,0
575a943e038b12caa2c0de85893e53f439e5e527,2024-09-05,2024-09,"Oracle Health Principal Consultant, Revenue Cycle Management (RCM) Solutions - Patient Accounting",health principal consultant revenue cycle management rcm solutions patient accounting,Consultant / Implementation,Oracle,1,"Boston, MA",Massachusetts,Not specified,0,Full-time (> 32 hours),1,3.0,3.0,1,0,0,0,71200.0,158200.0,114700.0,21,0,0,0,0,0,0,0,0,0,0,0
b6f578adeb4f45346839415a4187c9447cf8c8a7,2024-09-05,2024-09,Oracle Cerner PathNet MDI Configuration Consultant,oracle cerner pathnet mdi configuration consultant,Consultant / Implementation,Healthcare It Leaders,0,"Terre Haute, IN",Indiana,Hybrid Remote,0,Full-time (> 32 hours),1,,,0,0,0,1,,,,4,0,0,0,0,0,0,0,0,0,0,0
2a03561e7fe9e791bd9c36d7b379c624e2d3f859,2024-07-10,2024-07,Cloud Applications Enterprise Architecture Solution Advisor,cloud applications enterprise architecture solution advisor,Architect / Engineer,Oracle,1,"Springfield, IL",Illinois,Not specified,0,Full-time (> 32 hours),1,,,0,0,0,1,120100.0,500000.0,310050.0,35,0,0,0,0,0,0,0,0,0,0,0
a545aabc36e66370a5fdc312b754e49546b8dff3,2024-07-25,2024-07,Principal Enterprise Architect - Supply Chain,principal enterprise architect supply chain,Architect / Engineer,Microsoft,0,"Redmond, WA",Washington,Not specified,0,Full-time (> 32 hours),1,10.0,,1,0,0,0,137600.0,294000.0,215800.0,54,0,1,0,0,0,1,0,0,0,0,0
dc168b93fafa018c10390f64f3ea423b8bf967bc,2024-06-20,2024-06,SAP SD Implementation Consultant (6-12 month contract / 20-40 hours per week),sap sd implementation consultant month,Consultant / Implementation,Vistavu Solutions,0,"Dallas, TX",Texas,Not specified,0,Part-time (â‰¤ 32 hours),0,8.0,,1,0,0,0,,,,25,0,0,0,0,0,0,0,0,0,0,0
97a172598f5e2a17d62bc5ebbbfdc34af9d8478b,2024-08-13,2024-08,"SAP Business Analyst (PP,MM,WM,P2P)Hybrid in Clearwater, FL",sap business analyst pp mm wm p p hybrid,Other Business / Analyst,Scadea Solutions,0,"Clearwater, FL",Florida,Not specified,0,Full-time (> 32 hours),1,6.0,,1,0,0,0,,,,30,0,0,0,0,0,0,0,0,0,0,0
8391448070b5ef66ea80a57f1d7d97db67969e7e,2024-08-13,2024-08,"Enterprise Solutions Architect, Sr Staff",enterprise solutions architect sr staff,Architect / Engineer,Synopsys,0,"Mountain View, CA",California,Not specified,0,Full-time (> 32 hours),1,,,1,1,0,0,118000.0,176000.0,147000.0,23,0,0,0,0,0,0,0,1,1,0,0
3e2f1aec8cc580914fcbfd8aa19050e5670b1faf,2024-08-22,2024-08,Junior Product Data Analyst - Part-Time,junior product data analyst,Data / BI Analyst,Tricentis,0,"Remote, OR",Oregon,Hybrid Remote,0,Part-time (â‰¤ 32 hours),0,,,1,0,0,0,,,,32,1,1,0,0,1,1,1,0,0,0,0
914ec176d35e1ebd4b227fefb0c7f9b09e689098,2024-05-24,2024-05,Data Analyst/ Senior Analyst,data analyst senior analyst,Data / BI Analyst,Salesforce,0,"San Francisco, CA",California,Not specified,0,Full-time (> 32 hours),1,2.0,2.0,0,0,0,1,84300.0,158400.0,121350.0,20,1,1,1,0,0,0,0,0,0,0,0
c15361e6600d84ae4ad2b0e1b7ba6dd657e9cf76,2024-06-20,2024-06,Enterprise Data Architect,enterprise data architect,Architect / Engineer,Meta Soft,0,"Arlington, VA",Virginia,Not specified,0,Full-time (> 32 hours),1,8.0,,0,0,0,1,,,,30,0,0,0,0,0,0,0,0,0,0,1
d916463b2744bda26fb6f734c5d0f869ed18d2f7,2024-09-25,2024-09,Oracle Health Principal Consultant - Geriatrics and Extended Care,health principal consultant geriatrics and extended care,Consultant / Implementation,Oracle,1,"Springfield, IL",Illinois,Not specified,0,Full-time (> 32 hours),1,8.0,,0,0,0,1,71200.0,158200.0,114700.0,12,0,0,0,0,0,0,0,0,0,0,0
82963a9d3ee761eb57e8c1e1dc61f66142a6982b,2024-09-27,2024-09,Data Analyst,data analyst,Data / BI Analyst,Autodesk,0,"San Francisco, CA",California,Remote,1,Full-time (> 32 hours),1,,,0,1,0,0,116646.0,165600.0,141123.0,33,1,1,0,0,0,0,0,0,0,0,1
9219e3c7584a7bd617854e12e9b12c54998ad14c,2024-06-13,2024-06,Oracle Health Technical Analyst 1-Support,health technical analyst support,Other Business / Analyst,Oracle,1,"Burlington, MA",Massachusetts,Not specified,0,Full-time (> 32 hours),1,,,0,0,0,1,45594.0,89294.0,67444.0,10,0,0,0,0,0,0,0,0,0,0,0
2580cdd1748c156b36bcebaaeb8caf508b24de54,2024-06-13,2024-06,Data Analytics Specialist,data analytics specialist,Data / BI Analyst,SAP,0,"San Jose, CA",California,Not specified,0,Full-time (> 32 hours),1,5.0,,1,1,0,0,,,,33,1,0,1,0,0,0,0,0,0,0,0
4ba07683892d7f97f8da31b823fb9c5d0f723068,2024-07-30,2024-07,Senior SAP Security Administrator,senior sap security administrator,Other Business / Analyst,Adobe,0,"San Jose, CA",California,Not specified,0,Full-time (> 32 hours),1,10.0,,1,0,0,0,217500.0,217500.0,217500.0,35,1,0,1,1,0,0,0,0,0,0,0
dcb5f1f82b4c2a714e133186d50b4559f749afd9,2024-09-11,2024-09,"Consulting Technical Director, ERP Cloud Security",consulting technical director erp cloud security,Consultant / Implementation,Oracle,1,"Boston, MA",Massachusetts,Not specified,0,Full-time (> 32 hours),1,7.0,7.0,1,1,0,0,116300.0,254000.0,185150.0,21,0,0,0,0,0,0,0,0,0,0,0
fac69df50c7f71c8da5e74341fcdfabe477169f5,2024-09-11,2024-09,Senior Data Analyst,senior data analyst,Data / BI Analyst,Maven Clinic,0,"New York, NY",New York,Not specified,0,Full-time (> 32 hours),1,,,0,0,0,1,160000.0,180000.0,170000.0,25,1,1,1,0,0,0,0,0,0,0,0
750d0303c970c01ebb9d8a936174be2d5ae95aba,2024-09-10,2024-09,Oracle Health Staff Clinical Consultant,health staff clinical consultant,Consultant / Implementation,Oracle,1,"Boston, MA",Massachusetts,Not specified,0,Full-time (> 32 hours),1,8.0,,1,1,0,0,79000.0,158200.0,118600.0,17,0,0,0,0,0,0,0,0,0,0,0
4b3e75197747588ae6a45d491c9555fcb08ab577,2024-06-12,2024-06,Enterprise Architect SAP MaxAttention SAP Transformation Hub,enterprise architect sap maxattention sap transformation hub,Architect / Engineer,SAP,0,"Philadelphia, PA",Pennsylvania,Not specified,0,Full-time (> 32 hours),1,12.0,,0,1,0,0,,,,23,0,0,0,0,0,1,0,0,0,0,0
44be2ac5f4f500d941d016e29e61a473b5f0ed9e,2024-09-30,2024-09,Principal Enterprise Architect,principal enterprise architect,Architect / Engineer,Microsoft,0,"Redmond, WA",Washington,Not specified,0,Full-time (> 32 hours),1,8.0,,1,0,0,0,161600.0,314400.0,238000.0,53,0,1,0,0,0,0,0,1,1,1,0
9f99994d9550c7d3f38d1e1f1fe70110164dfacd,2024-05-23,2024-05,Financial Systems Director (Specialized in Oracle Cloud),financial systems director specialized in oracle cloud,Other Business / Analyst,Healthcare It Leaders,0,"Morristown, NJ",New Jersey,Not specified,0,Full-time (> 32 hours),1,5.0,,0,0,0,1,,,,11,0,0,0,0,0,0,0,0,0,0,0
7e4456ca321883b0fe7470d7ebb40a1f4e7d3a05,2024-05-23,2024-05,Audio Data Analyst,audio data analyst,Data / BI Analyst,Qualitest Group,0,"Mountain View, CA",California,Not specified,0,Full-time (> 32 hours),1,,,1,1,0,0,110000.0,130000.0,120000.0,18,0,0,0,0,0,0,0,0,0,0,0
